robot_src,pose_src,robot_dst,pose_dst,qx,qy,qz,qw,tx,ty,tz,kappa,tau,is_known_inlier,weight
1,0,1,1,-0.00871914,0.0445658,0.0972962,0.994219,3.85151,0.138466,0.128253,10000,100,1,1
1,1,1,2,-0.00782442,0.0423506,0.0825907,0.995653,3.91966,0.0524988,-0.0996591,10000,100,1,1
1,2,1,3,0.0093016,0.0447494,0.0666624,0.996728,3.98606,0.194653,-0.345098,10000,100,1,1
1,3,1,4,-0.000885624,0.0401146,0.0374617,0.998492,3.73441,0.108589,-0.160056,10000,100,1,1
1,4,1,5,0.00518112,0.0397492,0.0424067,0.998296,3.78242,0.0320403,-0.322713,10000,100,1,1
1,5,1,6,-0.0031522,0.0382144,0.0640591,0.997209,3.70364,0.0432564,-0.226615,10000,100,1,1
1,6,1,7,0.014738,0.0503371,0.0445072,0.997631,3.91129,0.000431945,-0.0944495,10000,100,1,1
1,7,1,8,0.00966815,0.0395518,0.0219866,0.998929,3.97862,0.213963,0.00115162,10000,100,1,1
1,8,1,9,0.00141907,0.0341098,0.0531,0.998005,3.96986,0.0386509,-0.109516,10000,100,1,1
1,9,1,10,-0.00460741,0.0381203,0.0599501,0.997463,3.81819,-0.0859875,-0.110866,10000,100,1,1
1,10,1,11,0.00473181,0.0368817,0.0258555,0.998974,3.91914,0.03392,-0.133456,10000,100,1,1
1,11,1,12,7.66819e-05,0.0307128,0.0455425,0.99849,3.88996,-0.0281958,-0.276218,10000,100,1,1
1,12,1,13,0.00505104,0.0460734,0.0228506,0.998664,3.83797,0.0297327,-0.179258,10000,100,1,1
1,13,1,14,-0.000543652,0.0436616,0.0304898,0.998581,3.71781,0.170462,-0.223852,10000,100,1,1
1,14,1,15,-0.00260654,0.0327063,0.0355311,0.99883,3.89482,0.0222389,0.0105008,10000,100,1,1
1,15,1,16,-0.0048823,0.0429165,0.0616953,0.99716,3.95329,0.0473616,-0.10755,10000,100,1,1
1,16,1,17,-0.0045645,0.0467695,0.0576388,0.997231,3.97917,0.0879153,-0.191707,10000,100,1,1
1,17,1,18,0.00783017,0.0407684,0.0153072,0.999021,4.00829,0.0957642,-0.284959,10000,100,1,1
1,18,1,19,0.00369514,0.0456663,0.055015,0.997434,3.92345,0.0291007,-0.158137,10000,100,1,1
1,19,1,20,0.00335003,0.0368887,0.0436491,0.99836,3.87629,0.0684311,-0.0609025,10000,100,1,1
1,20,1,21,0.000100772,0.0330865,0.0769809,0.996483,3.87616,0.165536,-0.111575,10000,100,1,1
1,21,1,22,-0.00339231,0.0507914,0.0837363,0.995187,3.93336,0.138194,-0.0748747,10000,100,1,1
1,22,1,23,-0.00364359,0.0398334,0.0243153,0.998904,3.95375,-0.0797769,-0.20141,10000,100,1,1
1,23,1,24,-0.00433242,0.0397712,0.0544828,0.997713,3.88044,0.232017,-0.0105122,10000,100,1,1
1,24,1,25,0.00519328,0.0421946,0.0467224,0.998003,3.95145,0.0683336,-0.0597149,10000,100,1,1
1,25,1,26,0.00606555,0.036707,0.0345386,0.998711,3.80783,0.177405,-0.0379598,10000,100,1,1
1,26,1,27,-0.00302233,0.043402,0.0773251,0.996056,3.87202,0.222751,-0.107692,10000,100,1,1
1,27,1,28,0.00359538,0.034754,0.0135773,0.999297,3.95992,0.153623,-0.202136,10000,100,1,1
1,28,1,29,-0.00834187,0.0416612,0.0299994,0.998646,3.94116,0.18508,0.0194119,10000,100,1,1
1,29,1,30,-0.000544162,0.0471099,0.0269403,0.998526,4.16337,0.296778,-0.180989,10000,100,1,1
1,30,1,31,0.00131538,0.0377169,0.031367,0.998795,3.98305,0.0858175,-0.0788322,10000,100,1,1
1,31,1,32,-0.00506167,0.0368959,0.0533703,0.99788,4.07791,0.104417,-0.0402646,10000,100,1,1
1,32,1,33,-0.00348107,0.0333767,0.0628219,0.99746,4.16867,0.29963,-0.149733,10000,100,1,1
1,33,1,34,-0.000150181,0.0464002,0.0772561,0.995931,4.06409,0.189856,0.00061951,10000,100,1,1
1,34,1,35,-0.00365959,0.0415589,0.027957,0.998738,3.92174,0.2644,-0.079848,10000,100,1,1
1,35,1,36,0.00220704,0.0422129,0.0676684,0.996812,3.98814,0.115147,-0.186112,10000,100,1,1
1,36,1,37,-0.000639847,0.0382441,0.0431067,0.998338,3.84776,0.0917744,-0.141178,10000,100,1,1
1,37,1,38,0.00153013,0.0311056,0.0283893,0.999112,4.11214,0.057549,-0.346564,10000,100,1,1
1,38,1,39,0.000434157,0.0435439,0.0317516,0.998547,3.9898,-0.0804338,-0.225186,10000,100,1,1
1,39,1,40,-0.00810812,0.0429685,0.0745097,0.996261,4.0618,0.0327376,-0.126014,10000,100,1,1
1,40,1,41,0.00244095,0.0465563,0.0615019,0.997018,4.0698,0.119983,-0.067476,10000,100,1,1
1,41,1,42,-0.0118219,0.0436373,0.0417578,0.998104,4.14792,0.120745,0.10754,10000,100,1,1
1,42,1,43,-0.00197879,0.038979,0.0669134,0.996995,4.09568,-0.0551356,-0.0582114,10000,100,1,1
1,43,1,44,-0.00573837,0.0349234,0.0383151,0.998639,4.08339,0.135212,-0.0655433,10000,100,1,1
1,44,1,45,-0.0031355,0.0365637,0.0356038,0.998692,4.0795,0.0328024,-0.0783405,10000,100,1,1
1,45,1,46,-0.000725715,0.0356974,0.0470618,0.998254,3.93024,0.105637,-0.0186476,10000,100,1,1
1,46,1,47,0.0023848,0.0440735,0.0280316,0.998632,3.98135,0.127568,-0.144685,10000,100,1,1
1,47,1,48,-0.00630406,0.04349,0.0755014,0.996177,4.19208,-0.101253,-0.316889,10000,100,1,1
1,48,1,49,0.00164514,0.0405065,0.0596829,0.997394,4.14219,0.303988,0.0285385,10000,100,1,1
1,49,1,50,0.008933,0.0410074,0.015638,0.998997,4.14084,0.123261,0.0149417,10000,100,1,1
1,50,1,51,0.000262928,0.0437396,0.0386589,0.998295,4.2856,0.132956,-0.18382,10000,100,1,1
1,51,1,52,0.00816811,0.0370738,0.0367683,0.998602,3.95876,0.130382,-0.147787,10000,100,1,1
1,52,1,53,-0.000929665,0.044973,0.0663773,0.99678,4.15462,0.207674,0.0782872,10000,100,1,1
1,53,1,54,0.00321544,0.042456,0.0510249,0.997789,4.03899,0.195841,-0.22051,10000,100,1,1
1,54,1,55,-0.00111544,0.052059,0.025796,0.99831,4.33492,0.0454974,-0.412621,10000,100,1,1
1,55,1,56,-0.0011554,0.0343982,0.029454,0.998973,4.14312,-0.0246469,-0.110072,10000,100,1,1
1,56,1,57,0.0038519,0.0367519,0.0358212,0.998675,4.08848,0.269272,-0.264466,10000,100,1,1
1,57,1,58,0.000877973,0.0444548,0.0252042,0.998693,4.21301,0.228984,-0.211934,10000,100,1,1
1,58,1,59,0.00081318,0.0557111,0.060287,0.996625,4.08028,0.122719,-0.00964286,10000,100,1,1
1,59,1,60,0.00882598,0.0516861,0.0158983,0.998498,4.13282,0.0802045,-0.206804,10000,100,1,1
1,60,1,61,-0.0102469,0.0431654,0.063812,0.996975,4.27962,0.0680338,-0.167726,10000,100,1,1
1,61,1,62,-0.000649686,0.0417284,0.0465179,0.998045,4.13902,0.151543,-0.0770345,10000,100,1,1
1,62,1,63,-0.00012498,0.0486618,0.0348792,0.998206,4.1572,0.0191463,-0.333908,10000,100,1,1
1,63,1,64,-0.0103058,0.0446995,0.0477691,0.997805,4.00573,0.225083,-0.2103,10000,100,1,1
1,64,1,65,0.00823313,0.0360932,0.0590497,0.997568,4.23684,0.0345225,-0.189857,10000,100,1,1
1,65,1,66,0.0017354,0.0394575,0.0322478,0.998699,4.11766,0.0936709,-0.244863,10000,100,1,1
1,66,1,67,0.00176378,0.0378795,0.0297495,0.998838,4.09546,0.171931,-0.290686,10000,100,1,1
1,67,1,68,0.00105812,0.0456597,0.0578246,0.997282,4.33513,0.0646891,-0.345993,10000,100,1,1
1,68,1,69,0.00904971,0.0520081,0.0651827,0.996476,4.31873,0.0483286,-0.177583,10000,100,1,1
1,69,1,70,0.00783038,0.0445715,0.0232743,0.998704,4.16762,0.139206,-0.208122,10000,100,1,1
1,70,1,71,-0.00473293,0.0369625,0.0515015,0.997977,4.1774,0.100141,-0.270994,10000,100,1,1
1,71,1,72,-0.00206868,0.039383,0.043266,0.998285,4.21111,0.028043,-0.214451,10000,100,1,1
1,72,1,73,0.00285411,0.0382002,0.0238318,0.998982,3.97529,0.0323595,-0.266289,10000,100,1,1
1,73,1,74,-0.00838898,0.040812,0.0631647,0.997133,4.2122,0.0110234,-0.169995,10000,100,1,1
1,74,1,75,0.000655276,0.035421,0.0434973,0.998425,4.52554,0.0814973,-0.218838,10000,100,1,1
1,75,1,76,0.00810293,0.046778,0.0331465,0.998322,4.20093,0.178484,-0.153546,10000,100,1,1
1,76,1,77,0.0051936,0.0430419,0.0480867,0.997902,4.45554,0.134722,-0.293898,10000,100,1,1
1,77,1,78,0.00907723,0.0377006,0.0385214,0.998505,4.49419,0.0859528,-0.176432,10000,100,1,1
1,78,1,79,-0.00247615,0.0421615,-0.000277727,0.999108,4.29297,0.133856,-0.289144,10000,100,1,1
1,79,1,80,0.00571531,0.0400305,0.0551061,0.997661,4.09957,-0.0325063,-0.161072,10000,100,1,1
1,80,1,81,0.00588031,0.045344,0.0351447,0.998336,4.53389,0.226595,-0.133671,10000,100,1,1
1,81,1,82,0.00413091,0.049083,0.0431373,0.997854,4.27189,0.238078,-0.126906,10000,100,1,1
1,82,1,83,0.00632415,0.0490691,0.0698411,0.99633,4.23315,0.245158,-0.226537,10000,100,1,1
1,83,1,84,0.00989399,0.0491534,0.0384303,0.998003,4.25792,0.192358,-0.285872,10000,100,1,1
1,84,1,85,-0.00026488,0.0453516,0.0453778,0.99794,4.35623,0.165366,-0.264653,10000,100,1,1
1,85,1,86,-0.0113693,0.0478818,0.0725104,0.996153,4.46245,0.192824,-0.199804,10000,100,1,1
1,86,1,87,0.00778233,0.0374539,0.0212144,0.999043,4.39104,0.119623,-0.0441801,10000,100,1,1
1,87,1,88,0.00690159,0.0452591,0.0504482,0.997677,4.27077,0.0866119,-0.193441,10000,100,1,1
1,88,1,89,-0.00279214,0.0439481,0.0345878,0.998431,4.31423,0.0100555,-0.00976918,10000,100,1,1
1,89,1,90,0.00619587,0.0387447,0.0463107,0.998156,4.15984,-0.00327917,-0.0570958,10000,100,1,1
1,90,1,91,0.0100113,0.0533853,0.0866453,0.994757,4.08242,0.195928,-0.249705,10000,100,1,1
1,91,1,92,0.0016711,0.0397709,0.0530158,0.9978,4.34058,0.289463,-0.236897,10000,100,1,1
1,92,1,93,0.00890554,0.0507502,0.0225605,0.998417,4.19862,0.27484,-0.343434,10000,100,1,1
1,93,1,94,-0.00121344,0.0473866,0.0610982,0.997006,4.31115,0.106374,-0.105547,10000,100,1,1
1,94,1,95,-0.00222763,0.0416228,0.0510733,0.997825,4.32924,0.0533522,-0.266254,10000,100,1,1
1,95,1,96,-0.000927147,0.0440286,0.0355585,0.998397,4.24461,0.0746417,-0.0334534,10000,100,1,1
1,96,1,97,0.00704792,0.0522422,0.0478354,0.997463,4.33841,0.498751,0.0540982,10000,100,1,1
1,97,1,98,0.00193916,0.0452679,0.0362762,0.998314,4.49115,0.110355,-0.119654,10000,100,1,1
1,98,1,99,0.00685618,0.0485669,0.0391669,0.998028,4.50303,-0.0453035,0.00094901,10000,100,1,1
1,99,1,100,0.00752073,0.0450498,0.0344437,0.998362,4.48083,0.313245,-0.371852,10000,100,1,1
1,100,1,101,-0.00385803,0.0524726,0.0344165,0.998022,4.37029,0.0298635,-0.182147,10000,100,1,1
1,101,1,102,-0.00682883,0.0504394,0.0410379,0.99786,4.29162,0.279554,-0.242674,10000,100,1,1
1,102,1,103,0.00542759,0.048738,0.0674561,0.996516,4.32291,0.10136,-0.182155,10000,100,1,1
1,103,1,104,0.0106064,0.0365894,0.0343096,0.998685,4.57205,0.00141839,-0.115226,10000,100,1,1
1,104,1,105,0.00920699,0.0401815,0.0506552,0.997865,4.31508,0.115225,-0.287968,10000,100,1,1
1,105,1,106,-0.00991881,0.0434635,0.0623642,0.997057,4.47606,0.0393742,-0.258725,10000,100,1,1
1,106,1,107,-0.00481844,0.0450858,0.0766438,0.996027,4.3798,0.174756,-0.324664,10000,100,1,1
1,107,1,108,0.00391007,0.0512868,0.0541181,0.997209,4.45626,0.334622,-0.174912,10000,100,1,1
1,108,1,109,0.00733794,0.0452177,0.0541297,0.997483,4.51434,0.222591,-0.174641,10000,100,1,1
1,109,1,110,0.00380247,0.0442712,0.0441541,0.998036,4.44196,0.124978,-0.155572,10000,100,1,1
1,110,1,111,0.00166826,0.0493904,0.0294963,0.998343,4.43806,0.145389,-0.227869,10000,100,1,1
1,111,1,112,0.00208107,0.0484154,0.0178337,0.998666,4.45431,-0.0354811,-0.177062,10000,100,1,1
1,112,1,113,0.000374773,0.0532094,0.0352458,0.997961,4.5437,0.219906,-0.195187,10000,100,1,1
1,113,1,114,-0.00359312,0.0399097,0.0404801,0.998377,4.40734,0.262372,-0.324841,10000,100,1,1
1,114,1,115,-0.00502767,0.0370298,0.0610254,0.997436,4.38916,0.11042,-0.151074,10000,100,1,1
1,115,1,116,-0.00278656,0.0482933,0.0508566,0.997534,4.35209,0.0124038,-0.172293,10000,100,1,1
1,116,1,117,-0.00544077,0.0322408,0.0307062,0.998994,4.42599,0.171881,-0.135108,10000,100,1,1
1,117,1,118,2.17897e-05,0.0475854,0.005915,0.99885,4.61995,0.282469,-0.162463,10000,100,1,1
1,118,1,119,-0.000371735,0.0406727,0.0227115,0.998914,4.49564,0.227836,-0.0659887,10000,100,1,1
1,119,1,120,0.00138058,0.0414764,0.00843103,0.999103,4.43863,0.344181,-0.209121,10000,100,1,1
1,120,1,121,-0.000974133,0.0497021,0.050404,0.997491,4.39079,0.243594,-0.142127,10000,100,1,1
1,121,1,122,0.00352166,0.0518086,0.0385024,0.997908,4.38629,0.127724,-0.109179,10000,100,1,1
1,122,1,123,-0.00853229,0.0557395,0.0705304,0.995915,4.318,0.166077,0.0118998,10000,100,1,1
1,123,1,124,-0.00147237,0.0429495,0.0521378,0.997715,4.46395,0.299958,0.0533495,10000,100,1,1
1,124,1,125,-0.00698776,0.0447311,0.0510042,0.997672,4.55022,0.0422739,-0.0393174,10000,100,1,1
1,125,1,126,0.00248164,0.0386126,0.0583861,0.997544,4.60777,0.170551,-0.294149,10000,100,1,1
1,126,1,127,-0.00153561,0.0537298,0.0604624,0.996722,4.58635,0.0437147,-0.247564,10000,100,1,1
1,127,1,128,-0.00841971,0.0425449,0.0618814,0.997141,4.56696,0.121635,-0.0161831,10000,100,1,1
1,128,1,129,-0.00541135,0.0413171,0.0228632,0.99887,4.58803,0.231626,-0.137042,10000,100,1,1
1,129,1,130,-0.00826222,0.0399255,0.0307908,0.998694,4.69801,0.123747,-0.334257,10000,100,1,1
1,130,1,131,0.00525439,0.04005,0.0226593,0.998927,4.58682,0.0279869,-0.174891,10000,100,1,1
1,131,1,132,-0.0132919,0.0498275,0.062245,0.996728,4.43235,0.257981,-0.246344,10000,100,1,1
1,132,1,133,-0.00370972,0.04022,0.0406352,0.998357,4.67311,0.342888,-0.255237,10000,100,1,1
1,133,1,134,-0.0031949,0.0375198,0.0345815,0.998692,4.70961,0.101084,-0.302912,10000,100,1,1
1,134,1,135,0.000339079,0.0434314,0.0308657,0.998579,4.5897,0.252222,-0.198263,10000,100,1,1
1,135,1,136,-0.00211364,0.0455004,0.0219354,0.998721,4.51069,0.200092,-0.303932,10000,100,1,1
1,136,1,137,-0.000693463,0.0484985,0.0515347,0.997493,4.69478,0.255173,-0.0433796,10000,100,1,1
1,137,1,138,-0.00300349,0.0457886,0.0401604,0.998139,4.58338,0.0998904,-0.327242,10000,100,1,1
1,138,1,139,0.0107716,0.0480132,0.0551111,0.997267,4.52351,0.0892914,-0.0622867,10000,100,1,1
1,139,1,140,0.00204332,0.0532096,0.00376764,0.998574,4.53851,0.151947,-0.268693,10000,100,1,1
1,140,1,141,-0.00475927,0.043382,0.0331677,0.998496,4.61971,0.236515,-0.218548,10000,100,1,1
1,141,1,142,-0.00783383,0.0476348,0.0801299,0.995615,4.58013,0.130569,-0.0589895,10000,100,1,1
1,142,1,143,0.00356616,0.0467169,0.0342763,0.998314,4.5533,8.58184e-06,-0.145173,10000,100,1,1
1,143,1,144,-0.00250465,0.0461095,0.0601401,0.997121,4.56742,0.318652,-0.223275,10000,100,1,1
1,144,1,145,0.00124741,0.0483225,0.0476904,0.997692,4.69144,0.086352,-0.252866,10000,100,1,1
1,145,1,146,-0.0030017,0.0525851,0.0315759,0.998113,4.47829,0.286719,-0.328534,10000,100,1,1
1,146,1,147,-0.0004798,0.0444648,0.0133167,0.998922,4.5677,0.304649,-0.263829,10000,100,1,1
1,147,1,148,-0.00761937,0.0463643,0.057471,0.997241,4.61671,0.135063,-0.248071,10000,100,1,1
1,148,1,149,-0.000953232,0.0440337,0.0686087,0.996671,4.59082,-0.0719269,-0.282693,10000,100,1,1
1,149,1,150,0.00401889,0.0459749,0.0436473,0.99798,4.59289,0.202558,-0.197916,10000,100,1,1
1,150,1,151,-0.00287781,0.0480983,0.0531279,0.997425,4.6122,0.311188,-0.346963,10000,100,1,1
1,151,1,152,-0.00584447,0.0463683,0.0389263,0.998149,4.58803,0.210786,-0.337134,10000,100,1,1
1,152,1,153,-0.00291785,0.0515846,0.0515392,0.997334,4.63035,0.0195722,-0.322998,10000,100,1,1
1,153,1,154,-0.00125201,0.0448528,0.036477,0.998327,4.64071,-0.0476349,-0.390215,10000,100,1,1
1,154,1,155,0.00998199,0.0436838,0.0740728,0.996246,4.49805,0.208642,-0.108222,10000,100,1,1
1,155,1,156,-0.00170113,0.0500828,0.0442569,0.997763,4.99066,0.168336,-0.259591,10000,100,1,1
1,156,1,157,0.00205723,0.0425058,0.0435213,0.998146,4.59405,0.135321,-0.253109,10000,100,1,1
1,157,1,158,-0.00170541,0.0547099,0.0538692,0.997047,4.82022,-0.00036991,-0.219453,10000,100,1,1
1,158,1,159,-0.00170712,0.0408828,0.0426035,0.998254,4.69842,0.0679796,-0.276004,10000,100,1,1
1,159,1,160,0.00478128,0.0524947,0.0265411,0.998257,4.77755,0.0719081,-0.0206436,10000,100,1,1
1,160,1,161,0.00570243,0.0435476,0.0814737,0.995707,4.77593,0.0848698,-0.202075,10000,100,1,1
1,161,1,162,-0.0056462,0.0469087,0.0611473,0.99701,4.71358,0.0893484,-0.151853,10000,100,1,1
1,162,1,163,0.010999,0.0473704,0.0218647,0.998577,4.75095,0.0201234,-0.328919,10000,100,1,1
1,163,1,164,0.000707481,0.0428904,0.0846902,0.995484,4.58738,0.117525,-0.069831,10000,100,1,1
1,164,1,165,-0.00577341,0.0469036,0.0467989,0.997786,4.78619,0.0194477,-0.149245,10000,100,1,1
1,165,1,166,-0.00209926,0.0468055,0.0299639,0.998452,4.77068,0.138414,-0.16816,10000,100,1,1
1,166,1,167,0.00209191,0.0506885,0.0368522,0.998032,4.84049,0.248311,-0.17468,10000,100,1,1
1,167,1,168,0.00355429,0.0473411,0.0378413,0.998155,4.8285,0.100505,-0.349505,10000,100,1,1
1,168,1,169,0.00418329,0.041818,0.0288052,0.998701,4.88883,0.14119,-0.46285,10000,100,1,1
1,169,1,170,0.00413188,0.0546637,0.0361905,0.99784,4.75482,0.0806364,-0.0462016,10000,100,1,1
1,170,1,171,-0.00296919,0.0553348,0.0418831,0.997585,4.71246,0.175771,-0.371031,10000,100,1,1
1,171,1,172,0.00408571,0.0439415,0.0402932,0.998213,4.97834,0.0192568,-0.103205,10000,100,1,1
1,172,1,173,0.0041098,0.0494695,0.0699201,0.996317,4.82775,0.142154,-0.256223,10000,100,1,1
1,173,1,174,0.00016648,0.0523614,0.0317526,0.998123,4.82017,0.176759,-0.338064,10000,100,1,1
1,174,1,175,0.00065215,0.0484311,0.0648798,0.996717,4.9748,0.27584,-0.316333,10000,100,1,1
1,175,1,176,0.000199544,0.045717,0.0416128,0.998087,4.61906,0.20413,-0.273103,10000,100,1,1
1,176,1,177,0.0031525,0.0452956,0.0409932,0.998127,4.86599,0.0423888,-0.306918,10000,100,1,1
1,177,1,178,-0.00234516,0.045256,0.0275067,0.998594,4.93698,0.26028,-0.2249,10000,100,1,1
1,178,1,179,-0.00421778,0.0423655,0.0362245,0.998436,4.73583,0.13002,-0.312245,10000,100,1,1
1,179,1,180,0.00458291,0.0487119,0.0321988,0.998283,4.86816,0.0790258,-0.165199,10000,100,1,1
1,180,1,181,-0.00245195,0.0486454,0.0520135,0.997458,4.89984,0.228714,-0.238236,10000,100,1,1
1,181,1,182,0.00413686,0.0459534,0.0317978,0.998429,4.82551,0.128119,-0.207736,10000,100,1,1
1,182,1,183,-0.00451399,0.0438414,0.0616986,0.997121,4.80184,0.00748369,-0.0880933,10000,100,1,1
1,183,1,184,-0.00132884,0.0489409,0.0815126,0.995469,4.97453,0.156508,-0.317605,10000,100,1,1
1,184,1,185,0.00546875,0.052594,0.0110405,0.99854,4.80416,0.100665,-0.078458,10000,100,1,1
1,185,1,186,-0.00190285,0.051203,0.0202671,0.998481,4.91193,0.0590685,-0.250704,10000,100,1,1
1,186,1,187,0.00160615,0.0490227,0.0609556,0.996935,4.72536,0.254034,-0.280541,10000,100,1,1
1,187,1,188,0.000856414,0.0494817,0.032707,0.998239,4.75524,0.229598,-0.219658,10000,100,1,1
1,188,1,189,0.00973946,0.0529911,0.0844293,0.994972,4.9573,0.231367,-0.269147,10000,100,1,1
1,189,1,190,-0.00416847,0.0379184,0.0261354,0.99893,4.77554,0.273571,-0.0551941,10000,100,1,1
1,190,1,191,0.00207066,0.0516518,0.0417417,0.99779,4.88762,0.0357302,-0.223774,10000,100,1,1
1,191,1,192,0.00106073,0.0455554,0.0357183,0.998322,4.81846,0.145556,-0.237586,10000,100,1,1
1,192,1,193,-0.0105493,0.049422,0.0438383,0.99776,4.9306,0.16921,-0.199292,10000,100,1,1
1,193,1,194,0.00746433,0.0478749,0.0265048,0.998474,4.84945,0.253784,-0.235495,10000,100,1,1
1,194,1,195,-0.00238828,0.0415492,0.0696172,0.996705,4.74567,0.176565,-0.0688786,10000,100,1,1
1,195,1,196,-0.00631141,0.0528956,0.0204661,0.99837,4.72455,0.182174,-0.351116,10000,100,1,1
1,196,1,197,0.00169043,0.0491825,0.03209,0.998273,4.79913,0.104392,-0.298193,10000,100,1,1
1,197,1,198,-0.00210915,0.0603723,0.0482261,0.997008,4.9526,-0.0545478,-0.158798,10000,100,1,1
1,198,1,199,3.76551e-06,0.0503246,0.0180631,0.99857,4.82726,0.436867,-0.0359374,10000,100,1,1
1,199,1,200,-0.00380147,0.0414093,0.0247497,0.998828,4.94314,0.14087,-0.139945,10000,100,1,1
1,200,1,201,0.00616036,0.0479661,0.0356532,0.998193,5.04451,0.244174,-0.161839,10000,100,1,1
1,201,1,202,-0.00521351,0.0414339,0.0514911,0.9978,4.84351,0.105472,-0.29265,10000,100,1,1
1,202,1,203,-0.00394707,0.0511533,0.00947743,0.998638,4.92655,0.161364,-0.0337247,10000,100,1,1
1,203,1,204,0.00218559,0.0574656,0.0632514,0.996339,4.92279,0.129379,-0.302255,10000,100,1,1
1,204,1,205,0.000497371,0.0454268,0.0448401,0.997961,4.8111,0.245733,-0.30226,10000,100,1,1
1,205,1,206,0.00386824,0.0454939,0.0305406,0.99849,5.0641,0.15892,-0.225412,10000,100,1,1
1,206,1,207,-0.00522244,0.051762,0.0347833,0.99804,4.80976,0.157741,-0.169973,10000,100,1,1
1,207,1,208,0.00620177,0.0478131,0.0738236,0.996105,4.8845,0.108034,-0.261472,10000,100,1,1
1,208,1,209,0.00333547,0.0493821,0.0445191,0.997782,4.80948,0.262969,-0.0422534,10000,100,1,1
1,209,1,210,-0.00359434,0.0432883,0.0454621,0.998021,4.88789,0.0453553,-0.263956,10000,100,1,1
1,210,1,211,0.00224705,0.0468079,0.0454087,0.997869,4.96909,0.0945721,-0.235013,10000,100,1,1
1,211,1,212,-0.00249944,0.0574774,-0.000949814,0.998343,4.957,0.20409,-0.166317,10000,100,1,1
1,212,1,213,-0.000581395,0.0559116,0.03584,0.997792,4.82769,-0.0779356,-0.0859007,10000,100,1,1
1,213,1,214,0.00665484,0.0453112,0.0463923,0.997873,4.99237,0.226358,-0.201009,10000,100,1,1
1,214,1,215,-0.00676007,0.0579456,0.0600704,0.996488,4.847,0.185863,-0.273731,10000,100,1,1
1,215,1,216,0.0125832,0.0511041,0.0521604,0.997251,4.91373,0.20578,-0.241385,10000,100,1,1
1,216,1,217,-0.00375243,0.0453147,0.0579793,0.997282,5.03791,0.0643769,-0.223127,10000,100,1,1
1,217,1,218,-0.000343375,0.0565173,0.0408488,0.997566,5.0882,0.286328,-0.308134,10000,100,1,1
1,218,1,219,-0.00780436,0.050103,0.0834029,0.995225,5.13539,0.131652,-0.36562,10000,100,1,1
1,219,1,220,-0.00357103,0.0433379,0.0626952,0.997085,5.11758,0.004806,-0.354268,10000,100,1,1
1,220,1,221,-0.000555232,0.0470677,0.0625536,0.996931,5.04158,0.136478,-0.222813,10000,100,1,1
1,221,1,222,-0.00364467,0.0550589,0.0566462,0.996868,4.94569,0.0317493,-0.155873,10000,100,1,1
1,222,1,223,0.011055,0.051379,0.0351434,0.997999,4.99568,0.172668,-0.416876,10000,100,1,1
1,223,1,224,0.0016658,0.0420669,0.0160365,0.998985,5.0321,0.0729174,-0.381444,10000,100,1,1
1,224,1,225,0.00407836,0.052808,0.0745967,0.995806,5.10744,0.304035,-0.365794,10000,100,1,1
1,225,1,226,-0.00321426,0.0548982,0.00887423,0.998447,5.23308,0.150503,-0.271173,10000,100,1,1
1,226,1,227,-0.00762111,0.057321,0.0545154,0.996837,5.00387,-0.0204341,-0.221934,10000,100,1,1
1,227,1,228,0.00235496,0.0446543,0.0546261,0.997505,4.83586,0.262332,-0.307353,10000,100,1,1
1,228,1,229,-0.00158319,0.0538211,-9.99756e-06,0.998549,5.13506,0.159915,-0.107686,10000,100,1,1
1,229,1,230,-0.000850193,0.0426207,0.0258977,0.998755,5.14321,0.185646,-0.461683,10000,100,1,1
1,230,1,231,0.00388874,0.0520324,0.0259284,0.998301,5.11076,0.142116,-0.190949,10000,100,1,1
1,231,1,232,-0.00130486,0.0484643,0.0590609,0.997076,5.00292,0.032622,-0.351662,10000,100,1,1
1,232,1,233,0.000682062,0.0544303,0.0394343,0.997738,5.1493,0.111485,-0.309985,10000,100,1,1
1,233,1,234,-0.00856007,0.0474286,0.0667321,0.996606,5.02261,-0.0151599,-0.395022,10000,100,1,1
1,234,1,235,-0.0042743,0.0468054,0.0646754,0.996799,5.08378,0.10967,-0.160555,10000,100,1,1
1,235,1,236,0.0080953,0.0527009,0.0338592,0.998003,4.96436,0.347592,-0.0562935,10000,100,1,1
1,236,1,237,-0.00139341,0.0486101,0.0259038,0.998481,5.15269,0.240358,-0.326321,10000,100,1,1
1,237,1,238,-0.00237701,0.0573812,0.0418101,0.997474,5.13317,0.140882,-0.236203,10000,100,1,1
1,238,1,239,0.00385136,0.0482205,0.0261349,0.998487,5.01557,0.123123,-0.408925,10000,100,1,1
1,239,1,240,-0.00272872,0.0516524,0.00589332,0.998644,5.0204,-0.0823697,-0.284228,10000,100,1,1
1,240,1,241,0.000113087,0.0500381,0.0512809,0.99743,5.10069,0.104287,-0.153915,10000,100,1,1
1,241,1,242,0.00840213,0.0472423,0.048616,0.997664,5.0754,-0.013166,-0.118819,10000,100,1,1
1,242,1,243,-0.00108499,0.0552664,0.0373427,0.997773,5.04127,0.11027,-0.188268,10000,100,1,1
1,243,1,244,0.00472243,0.0472384,0.0377314,0.99816,5.12915,0.0372705,-0.328298,10000,100,1,1
1,244,1,245,0.00164802,0.055715,0.0724719,0.995812,5.18019,-0.115299,-0.200111,10000,100,1,1
1,245,1,246,0.00573372,0.0477357,0.0465095,0.99776,4.96612,0.298684,-0.216537,10000,100,1,1
1,246,1,247,0.0054183,0.0530673,0.0343779,0.997984,5.03097,-0.0854337,-0.22582,10000,100,1,1
1,247,1,248,-0.00117869,0.0501509,0.0849936,0.995118,5.2337,0.0856714,-0.305334,10000,100,1,1
1,248,1,249,0.00483488,0.0413374,0.0475623,0.998001,5.26509,0.0247955,-0.384943,10000,100,1,1
1,249,1,250,-0.00438092,0.0455701,0.0407319,0.998121,5.1928,0.367558,-0.188986,10000,100,1,1
1,250,1,251,-0.00123158,0.0512168,0.022152,0.998441,5.25921,0.179427,-0.0422579,10000,100,1,1
1,251,1,252,0.00672089,0.0521825,0.0262507,0.99827,4.99562,0.0922855,-0.160848,10000,100,1,1
1,252,1,253,0.00558167,0.051249,0.0356928,0.998032,5.15008,-0.209059,-0.275634,10000,100,1,1
1,253,1,254,0.00894546,0.0498093,0.00976359,0.998671,4.94842,0.0104051,-0.209326,10000,100,1,1
1,254,1,255,0.00360692,0.048394,0.0396379,0.998035,5.02932,0.076045,-0.171217,10000,100,1,1
1,255,1,256,0.00118132,0.0510611,0.0372058,0.998002,5.36261,0.0304361,-0.355689,10000,100,1,1
1,256,1,257,-0.00340589,0.0549734,0.0120118,0.99841,5.12642,0.00873206,-0.305722,10000,100,1,1
1,257,1,258,-0.001705,0.0517722,0.0371597,0.997966,5.09088,0.0265784,-0.387801,10000,100,1,1
1,258,1,259,0.00636488,0.0506059,-0.014871,0.998588,5.17741,0.185837,-0.246811,10000,100,1,1
1,259,1,260,0.00131919,0.0586887,0.0442913,0.997292,4.99066,0.0269255,-0.272423,10000,100,1,1
1,260,1,261,-0.00143194,0.0623016,0.0367254,0.99738,5.33196,0.0395832,-0.0656167,10000,100,1,1
1,261,1,262,0.00424646,0.0409045,0.0793943,0.995995,5.0744,0.139963,-0.525425,10000,100,1,1
1,262,1,263,0.00853083,0.0528659,0.0125811,0.998486,5.05055,0.188472,-0.369217,10000,100,1,1
1,263,1,264,0.00339368,0.0502074,0.067604,0.996442,5.31834,0.2129,-0.2007,10000,100,1,1
1,264,1,265,-0.000606843,0.0566192,0.0243179,0.998099,5.10367,0.0125937,-0.33263,10000,100,1,1
1,265,1,266,0.00558715,0.0539631,0.0440647,0.997555,5.23799,0.046888,-0.332553,10000,100,1,1
1,266,1,267,-0.00286512,0.0545978,0.037965,0.997782,5.11997,0.302825,-0.221093,10000,100,1,1
1,267,1,268,-0.00332582,0.0525364,0.0442789,0.997631,5.15075,0.180305,-0.330729,10000,100,1,1
1,268,1,269,-0.00450544,0.0564719,0.0324213,0.997867,5.39527,0.0977658,-0.12326,10000,100,1,1
1,269,1,270,-0.00921468,0.0550279,0.0296662,0.998001,5.21957,-0.0183566,-0.0775419,10000,100,1,1
1,270,1,271,-0.00323894,0.0488521,0.0326928,0.998266,5.11023,0.0165693,-0.360401,10000,100,1,1
1,271,1,272,-0.00468706,0.0527977,0.0474568,0.997466,5.19766,0.226146,-0.340504,10000,100,1,1
1,272,1,273,0.00235768,0.0548789,0.0368232,0.997811,5.22283,0.251145,0.00810585,10000,100,1,1
1,273,1,274,0.000364301,0.0459354,0.0267766,0.998585,5.08066,0.17895,-0.0709691,10000,100,1,1
1,274,1,275,0.00763267,0.0565565,0.0145746,0.998264,5.2177,0.199758,-0.191193,10000,100,1,1
1,275,1,276,0.00653254,0.0456968,0.0448452,0.997927,5.26067,0.207537,-0.439405,10000,100,1,1
1,276,1,277,-0.00703607,0.0543672,-0.00717088,0.99847,5.24894,0.103057,-0.373697,10000,100,1,1
1,277,1,278,-0.00334203,0.0553748,0.0742301,0.995697,5.26307,0.0661414,-0.149344,10000,100,1,1
1,278,1,279,0.00146251,0.0539151,0.0419855,0.997661,5.48233,0.00571877,-0.339827,10000,100,1,1
1,279,1,280,0.00448337,0.046396,0.0163989,0.998778,5.23838,0.246089,-0.220833,10000,100,1,1
1,280,1,281,-0.00818975,0.0518953,0.00652804,0.998598,5.32681,0.209297,-0.116294,10000,100,1,1
1,281,1,282,0.00826843,0.0465932,0.0460477,0.997818,5.31848,0.092892,-0.216081,10000,100,1,1
1,282,1,283,-0.00631734,0.0586041,0.0701067,0.995797,5.35902,0.258926,-0.336743,10000,100,1,1
1,283,1,284,-0.00372359,0.0601284,0.051617,0.996848,5.34362,0.0600009,-0.224552,10000,100,1,1
1,284,1,285,-0.00830273,0.0486297,0.0237628,0.9985,5.20441,0.285658,-0.247576,10000,100,1,1
1,285,1,286,0.00984232,0.0566969,-0.00035278,0.998343,5.20415,0.160135,-0.371703,10000,100,1,1
1,286,1,287,0.000718343,0.0401142,0.00453761,0.999185,5.41632,0.247935,-0.265075,10000,100,1,1
1,287,1,288,0.00251509,0.053495,0.0382834,0.997831,5.35646,0.110047,-0.240483,10000,100,1,1
1,288,1,289,-0.00403245,0.0491209,0.0419009,0.997905,5.3763,0.163994,-0.199547,10000,100,1,1
1,289,1,290,-0.00685081,0.0528452,0.0340953,0.997997,5.22384,0.118062,-0.251427,10000,100,1,1
1,290,1,291,-0.00557813,0.0596589,0.0710811,0.995669,5.2674,0.163355,-0.181639,10000,100,1,1
1,291,1,292,0.0111106,0.0483714,0.049537,0.997538,5.46235,0.112308,-0.294751,10000,100,1,1
1,292,1,293,0.00667082,0.0494992,0.0367851,0.998074,5.34053,0.143157,-0.288242,10000,100,1,1
1,293,1,294,0.00793615,0.0548542,0.0184269,0.998293,5.39772,0.181356,-0.45949,10000,100,1,1
1,294,1,295,-0.000970901,0.0618082,0.0231203,0.99782,5.26147,0.0881441,-0.462425,10000,100,1,1
1,295,1,296,0.00592257,0.0555928,0.0362711,0.997777,5.24086,0.0843215,-0.230388,10000,100,1,1
1,296,1,297,-0.0068302,0.0641529,0.0145795,0.99781,5.4018,0.0630877,-0.438817,10000,100,1,1
1,297,1,298,-0.00646625,0.0458278,0.034818,0.998321,5.18226,0.00183321,-0.282823,10000,100,1,1
1,298,1,299,-0.00586507,0.0491646,0.0289811,0.998353,5.49213,0.318543,-0.236335,10000,100,1,1
1,299,1,300,-0.00459186,0.0520465,0.0573184,0.996988,5.19784,0.0269897,-0.132272,10000,100,1,1
1,300,1,301,0.00217697,0.0505467,0.0390243,0.997957,5.36766,0.118349,-0.227007,10000,100,1,1
1,301,1,302,-0.00455665,0.0479126,0.0576776,0.997174,5.29734,0.0321226,-0.301724,10000,100,1,1
1,302,1,303,0.00469994,0.0537897,0.0128148,0.998459,5.08873,0.375587,-0.333561,10000,100,1,1
1,303,1,304,-0.0012715,0.0593729,0.0211069,0.998012,5.26387,0.118944,-0.284624,10000,100,1,1
1,304,1,305,0.00308334,0.0430783,0.0382659,0.998334,5.38505,-0.0123196,-0.252434,10000,100,1,1
1,305,1,306,0.00183579,0.049961,0.0209687,0.998529,5.50148,0.270317,-0.370595,10000,100,1,1
1,306,1,307,-0.00481383,0.0591961,0.0668384,0.995995,5.42807,0.0265666,-0.143237,10000,100,1,1
1,307,1,308,-0.000491161,0.0503822,-0.0210161,0.998509,5.35942,0.0292008,-0.322296,10000,100,1,1
1,308,1,309,0.00502453,0.0513075,0.0294856,0.998235,5.48797,0.280071,-0.321361,10000,100,1,1
1,309,1,310,-0.00892501,0.0563563,0.05501,0.996854,5.19527,0.225186,-0.288108,10000,100,1,1
1,310,1,311,0.0116251,0.0440871,0.0174067,0.998808,5.42915,-0.103176,-0.377902,10000,100,1,1
1,311,1,312,-0.00300044,0.0504263,0.0244166,0.998425,5.40434,0.0836267,-0.377622,10000,100,1,1
1,312,1,313,0.000275865,0.0434214,0.0150282,0.998944,5.27955,0.10831,-0.0775811,10000,100,1,1
1,313,1,314,-0.00638936,0.0500016,0.0754521,0.995874,5.31338,0.157936,-0.192599,10000,100,1,1
1,314,1,315,0.00384597,0.055059,0.00827978,0.998441,5.43932,0.049648,-0.189942,10000,100,1,1
1,315,1,316,0.00125802,0.0512794,0.031799,0.998177,5.37214,0.170266,-0.11408,10000,100,1,1
1,316,1,317,-0.00188443,0.0539458,-0.0115078,0.998476,5.43239,0.244191,-0.336115,10000,100,1,1
1,317,1,318,-0.0048616,0.0536318,0.0314489,0.998054,5.41394,0.182768,-0.465227,10000,100,1,1
1,318,1,319,-0.00190751,0.0605686,0.0589703,0.996419,5.4727,0.182763,-0.361857,10000,100,1,1
1,319,1,320,-0.00108263,0.0610986,0.0426613,0.997219,5.33132,0.0880952,-0.132311,10000,100,1,1
1,320,1,321,-3.75251e-05,0.0586069,-0.000442049,0.998281,5.41932,0.0351362,-0.347685,10000,100,1,1
1,321,1,322,-0.00136942,0.0535668,0.0359378,0.997916,5.38314,0.229323,-0.217536,10000,100,1,1
1,322,1,323,0.000555044,0.0552644,0.00680125,0.998448,5.44748,0.218967,-0.308589,10000,100,1,1
1,323,1,324,0.0058574,0.0466861,0.0144059,0.998789,5.43172,0.209787,-0.450308,10000,100,1,1
1,324,1,325,-0.0020781,0.0538398,0.0263956,0.998198,5.373,0.133324,-0.271507,10000,100,1,1
1,325,1,326,0.00414761,0.0483477,0.0338224,0.998249,5.46788,0.0849329,-0.229361,10000,100,1,1
1,326,1,327,0.0102025,0.0503986,0.0449038,0.997667,5.38079,-0.127509,-0.102887,10000,100,1,1
1,327,1,328,0.00269985,0.0520249,0.00380268,0.998635,5.37724,-0.0326756,-0.138603,10000,100,1,1
1,328,1,329,-0.0040824,0.0482085,0.0342935,0.99824,5.3739,0.035482,-0.321164,10000,100,1,1
1,329,1,330,-0.00569688,0.0494429,-0.0124976,0.998683,5.33084,0.273933,-0.334283,10000,100,1,1
1,330,1,331,0.00248467,0.0522083,0.00755344,0.998605,5.52419,0.00794975,-0.227209,10000,100,1,1
1,331,1,332,-0.00270515,0.0485349,0.0463482,0.997742,5.42515,0.0714178,-0.478357,10000,100,1,1
1,332,1,333,0.00846764,0.0523304,-0.00758225,0.998565,5.58756,0.210566,-0.307069,10000,100,1,1
1,333,1,334,0.00486392,0.053107,0.0373946,0.997877,5.50835,0.184763,-0.228267,10000,100,1,1
1,334,1,335,0.00502727,0.0476894,0.0139554,0.998752,5.61127,0.0507605,-0.17027,10000,100,1,1
1,335,1,336,-0.000876128,0.0627635,-0.00848646,0.997992,5.48043,0.0209374,-0.418011,10000,100,1,1
1,336,1,337,-0.000625129,0.0552287,0.0275754,0.998093,5.56699,0.175323,-0.351172,10000,100,1,1
1,337,1,338,-0.00128383,0.0453443,0.0200001,0.99877,5.32762,0.11804,-0.350563,10000,100,1,1
1,338,1,339,0.0053902,0.0461342,0.0492697,0.997705,5.42237,0.164304,-0.384447,10000,100,1,1
1,339,1,340,0.00158756,0.0486638,0.0740063,0.996068,5.44521,0.162823,-0.328552,10000,100,1,1
1,340,1,341,0.00732432,0.0597531,0.0224855,0.997933,5.61253,0.069914,-0.223577,10000,100,1,1
1,341,1,342,9.32466e-05,0.0514018,0.0405807,0.997853,5.39787,0.258225,-0.197657,10000,100,1,1
1,342,1,343,0.00138628,0.0537154,0.0488511,0.99736,5.43317,-0.085881,-0.210751,10000,100,1,1
1,343,1,344,0.0112184,0.0531271,0.0292408,0.998097,5.40771,0.215645,-0.200565,10000,100,1,1
1,344,1,345,0.00324279,0.0588059,0.0295707,0.997826,5.52266,0.0229137,-0.387959,10000,100,1,1
1,345,1,346,0.00597101,0.054765,-0.0120875,0.998408,5.49201,0.0676575,-0.366536,10000,100,1,1
1,346,1,347,-0.00185734,0.0489835,0.0416787,0.997928,5.38153,0.0831649,-0.258973,10000,100,1,1
1,347,1,348,0.00555038,0.064901,0.0539654,0.996416,5.35694,-0.0482841,-0.330069,10000,100,1,1
1,348,1,349,-0.00382148,0.053917,0.0444678,0.997547,5.27639,0.0945423,-0.288511,10000,100,1,1
1,349,1,350,0.0164519,0.0561509,0.0192287,0.998102,5.44542,0.183225,-0.34732,10000,100,1,1
1,350,1,351,-0.00331851,0.054704,0.0110191,0.998436,5.55677,0.286422,-0.438426,10000,100,1,1
1,351,1,352,0.00884649,0.0529161,0.0170294,0.998415,5.52507,0.118717,-0.196016,10000,100,1,1
1,352,1,353,0.00311374,0.0485693,0.0538857,0.99736,5.46886,0.159076,-0.271589,10000,100,1,1
1,353,1,354,0.000902227,0.0664347,0.0193164,0.997603,5.51199,0.217291,-0.299369,10000,100,1,1
1,354,1,355,0.0072359,0.0535992,0.0290229,0.998114,5.51543,0.283903,-0.381323,10000,100,1,1
1,355,1,356,0.00101686,0.0550787,-0.00371787,0.998475,5.65074,-0.0270548,-0.216601,10000,100,1,1
1,356,1,357,0.00134915,0.0556734,0.0283936,0.998044,5.30723,0.182254,-0.322114,10000,100,1,1
1,357,1,358,-0.00322101,0.0490067,0.0275672,0.998413,5.5815,0.102338,-0.487154,10000,100,1,1
1,358,1,359,0.00213215,0.0595285,0.00293252,0.99822,5.54776,-0.0447337,-0.342395,10000,100,1,1
1,359,1,360,-0.000123238,0.053412,0.0196637,0.998379,5.73325,-0.0703218,-0.298173,10000,100,1,1
1,360,1,361,0.00702601,0.0520606,-0.00804277,0.998587,5.44636,-0.101466,-0.227333,10000,100,1,1
1,361,1,362,0.00669092,0.0538771,0.0313884,0.998032,5.46832,0.0034815,-0.48038,10000,100,1,1
1,362,1,363,-0.00347209,0.0574549,0.0558497,0.996779,5.60754,0.110966,-0.340274,10000,100,1,1
1,363,1,364,-3.42997e-05,0.0622656,0.0343331,0.997469,5.6811,0.0430915,-0.330111,10000,100,1,1
1,364,1,365,0.00134701,0.0459017,0.00157626,0.998944,5.53086,0.188418,-0.350275,10000,100,1,1
1,365,1,366,-0.00362897,0.0474416,0.0387212,0.998117,5.48949,0.142582,-0.318214,10000,100,1,1
1,366,1,367,0.00142012,0.0613616,0.00242351,0.998112,5.82972,0.149178,-0.298758,10000,100,1,1
1,367,1,368,-0.0021002,0.0600359,0.0262596,0.997849,5.57386,0.223666,-0.276354,10000,100,1,1
1,368,1,369,-0.00313552,0.059145,-0.00549513,0.998229,5.61316,0.0253105,-0.377634,10000,100,1,1
1,369,1,370,-0.00218133,0.0630585,0.0323201,0.997484,5.62345,-0.120347,-0.192941,10000,100,1,1
1,370,1,371,-0.00558508,0.0634204,0.0558517,0.996407,5.69018,0.0424455,-0.410373,10000,100,1,1
1,371,1,372,0.00163998,0.0611615,0.0239033,0.99784,5.62336,0.108373,-0.20576,10000,100,1,1
1,372,1,373,-0.00484164,0.0470799,0.0283003,0.998478,5.63896,0.00598252,-0.294655,10000,100,1,1
1,373,1,374,-0.00586627,0.0632872,0.0204436,0.997769,5.44794,0.176577,-0.379727,10000,100,1,1
1,374,1,375,-0.000998019,0.0450604,0.00801406,0.998952,5.47986,0.15967,-0.190827,10000,100,1,1
1,375,1,376,0.00168749,0.056098,0.00800147,0.998392,5.61406,-0.0213291,-0.266134,10000,100,1,1
1,376,1,377,0.00885091,0.0510153,0.0368192,0.99798,5.79605,0.114555,-0.34615,10000,100,1,1
1,377,1,378,-0.0054061,0.0527379,0.0424556,0.997691,5.55674,0.0988603,-0.207797,10000,100,1,1
1,378,1,379,-0.00200706,0.0586097,-0.0152537,0.998162,5.46382,0.141946,-0.254806,10000,100,1,1
1,379,1,380,-0.00828348,0.0540674,0.0698771,0.996055,5.68799,0.127466,-0.327294,10000,100,1,1
1,380,1,381,-0.00276661,0.0592684,0.0332588,0.997684,5.78704,0.106964,-0.528972,10000,100,1,1
1,381,1,382,-0.0031539,0.0499445,0.0476231,0.997611,5.72918,0.138789,-0.156362,10000,100,1,1
1,382,1,383,-0.000574244,0.0647257,0.0461617,0.996835,5.86222,0.0796744,-0.241965,10000,100,1,1
1,383,1,384,0.00281409,0.0528257,0.0274165,0.998223,5.74574,0.117091,-0.0058916,10000,100,1,1
1,384,1,385,-0.00133931,0.0572244,0.0393172,0.997586,5.51883,-0.00973307,-0.438069,10000,100,1,1
1,385,1,386,0.00225129,0.0600489,0.0387635,0.99744,5.60348,0.213426,-0.329835,10000,100,1,1
1,386,1,387,0.00235654,0.0475903,0.0517838,0.997521,5.74311,0.13457,-0.423206,10000,100,1,1
1,387,1,388,0.00115686,0.0538035,0.0247891,0.998243,5.65981,0.14786,-0.205742,10000,100,1,1
1,388,1,389,-0.00216952,0.0564995,0.0590728,0.996651,5.62041,0.125545,-0.399808,10000,100,1,1
1,389,1,390,0.00238745,0.0586295,0.042382,0.997377,5.79303,0.153249,-0.341452,10000,100,1,1
1,390,1,391,-0.00279948,0.0605212,0.0298751,0.997716,5.85574,-0.0637915,-0.421095,10000,100,1,1
1,391,1,392,0.00656107,0.0611048,0.0285687,0.997701,5.73138,-0.0787459,-0.407888,10000,100,1,1
1,392,1,393,0.00490975,0.0538514,-0.0151685,0.998422,5.60928,0.0926899,-0.382789,10000,100,1,1
1,393,1,394,0.000317912,0.0556212,0.049936,0.997202,5.67846,0.160198,-0.326742,10000,100,1,1
1,394,1,395,-0.0019628,0.0633607,0.0353766,0.997362,5.68276,0.0336129,-0.272,10000,100,1,1
1,395,1,396,-0.00284755,0.0552106,0.0177323,0.998313,5.67846,-0.0196392,-0.483228,10000,100,1,1
1,396,1,397,-0.000510783,0.0580541,0.00455084,0.998303,5.70897,-0.0344093,-0.313103,10000,100,1,1
1,397,1,398,0.00261766,0.0599419,0.00915695,0.998156,5.8709,0.0972814,-0.176418,10000,100,1,1
1,398,1,399,-0.00739827,0.0537535,0.0543764,0.997045,5.68489,0.113443,-0.288222,10000,100,1,1
1,399,1,400,0.00492759,0.0507343,0.0513808,0.997377,5.71728,0.00504936,-0.166699,10000,100,1,1
1,400,1,401,-0.000626344,0.0519569,0.0290493,0.998227,5.81606,0.130423,-0.307906,10000,100,1,1
1,401,1,402,0.00158405,0.0532923,0.0296976,0.998136,5.58134,0.106567,-0.366241,10000,100,1,1
1,402,1,403,0.00059662,0.0588454,0.0357455,0.997627,5.66485,0.0396712,-0.491777,10000,100,1,1
1,403,1,404,-0.00434442,0.0511207,0.0586004,0.996962,5.78158,-0.0729035,-0.267288,10000,100,1,1
1,404,1,405,0.00208303,0.0578531,0.0405094,0.997501,5.71539,0.110967,-0.316183,10000,100,1,1
1,405,1,406,0.00508021,0.058875,0.00896957,0.998212,5.61754,0.00202861,-0.257216,10000,100,1,1
1,406,1,407,0.00757824,0.0501104,-0.0155797,0.998593,5.66768,0.00672407,-0.43321,10000,100,1,1
1,407,1,408,-0.0110055,0.05697,0.0422319,0.997422,5.74752,0.088552,-0.375093,10000,100,1,1
1,408,1,409,-0.00170196,0.0602201,0.0172155,0.998035,5.74854,0.0195906,-0.432354,10000,100,1,1
1,409,1,410,-0.00259663,0.0548014,0.051329,0.997174,5.75807,0.0225051,-0.510702,10000,100,1,1
1,410,1,411,-0.0055418,0.0597506,-0.00950531,0.998153,5.89262,0.168562,-0.386208,10000,100,1,1
1,411,1,412,0.00584853,0.0549697,0.0311919,0.997984,5.8348,0.140481,-0.282375,10000,100,1,1
1,412,1,413,0.010588,0.0568013,-0.0202272,0.998124,5.59309,0.202325,-0.398574,10000,100,1,1
1,413,1,414,0.0019617,0.0626027,0.0179124,0.997876,5.63077,0.0391913,-0.313469,10000,100,1,1
1,414,1,415,-0.00319402,0.0481979,0.0259103,0.998497,5.73142,0.0274934,-0.268815,10000,100,1,1
1,415,1,416,-0.000614617,0.0644022,0.0335238,0.997361,5.71058,0.154148,-0.443108,10000,100,1,1
1,416,1,417,0.000656172,0.0531524,0.00845386,0.99855,5.87182,0.186107,-0.260194,10000,100,1,1
1,417,1,418,-0.00454384,0.0598015,0.0701971,0.995729,5.83543,0.123671,-0.422451,10000,100,1,1
1,418,1,419,0.00496011,0.05362,0.028568,0.99814,5.63953,0.0833965,-0.361634,10000,100,1,1
1,419,1,420,-0.00316141,0.0543244,-0.00819453,0.998485,5.74183,0.046585,-0.415589,10000,100,1,1
1,420,1,421,-0.00350199,0.0640688,-0.0152335,0.997823,5.83403,0.0342787,-0.272573,10000,100,1,1
1,421,1,422,-0.000201385,0.0505601,0.0302625,0.998262,5.66737,0.0669562,-0.452664,10000,100,1,1
1,422,1,423,-0.010557,0.0470059,0.0514513,0.997513,5.70358,0.0310954,-0.289324,10000,100,1,1
1,423,1,424,0.013535,0.0560601,-0.00171075,0.998334,5.61169,0.139257,-0.367081,10000,100,1,1
1,424,1,425,-0.000528545,0.0499666,0.0422361,0.997857,5.69891,0.0508799,-0.393864,10000,100,1,1
1,425,1,426,-0.00670069,0.0713999,0.0175076,0.997272,5.88813,0.228558,-0.19915,10000,100,1,1
1,426,1,427,-0.00654566,0.0556197,0.0357872,0.997789,5.88074,0.142328,-0.447172,10000,100,1,1
1,427,1,428,0.000793734,0.0532309,0.00582613,0.998565,5.76557,0.178848,-0.369578,10000,100,1,1
1,428,1,429,0.00238639,0.0620207,0.0149098,0.997961,5.70815,0.0326216,-0.244624,10000,100,1,1
1,429,1,430,0.00487105,0.0560697,0.0466126,0.997326,5.83768,0.00219686,-0.328391,10000,100,1,1
1,430,1,431,-0.0058719,0.0628409,0.00349468,0.998,5.90511,-0.0241702,-0.27371,10000,100,1,1
1,431,1,432,0.00888865,0.0637638,0.0153422,0.997807,5.84093,0.0277419,-0.364922,10000,100,1,1
1,432,1,433,-0.00779103,0.057187,0.0335245,0.99777,5.80103,0.342445,-0.311277,10000,100,1,1
1,433,1,434,0.00287017,0.0608041,0.00472991,0.998134,5.84555,0.127618,-0.289495,10000,100,1,1
1,434,1,435,0.0157572,0.0664382,0.0134772,0.997575,5.7416,0.256171,-0.276999,10000,100,1,1
1,435,1,436,-0.00630069,0.0510356,0.0368938,0.997995,5.73812,0.324558,-0.304425,10000,100,1,1
1,436,1,437,0.00140061,0.0676363,0.0491968,0.996495,5.90347,0.154624,-0.182696,10000,100,1,1
1,437,1,438,-0.00487428,0.057593,0.0397953,0.997535,5.78436,0.244822,-0.315574,10000,100,1,1
1,438,1,439,0.00791855,0.0733767,0.0383226,0.996536,5.91267,-0.00339733,-0.36096,10000,100,1,1
1,439,1,440,-0.000600972,0.0493516,0.00516278,0.998768,5.6436,0.0739063,-0.545369,10000,100,1,1
1,440,1,441,0.00156279,0.0541014,0.0258134,0.998201,6.14703,0.0470746,-0.412763,10000,100,1,1
1,441,1,442,1.56322e-05,0.066599,0.00805466,0.997747,5.93524,0.180158,-0.368718,10000,100,1,1
1,442,1,443,-0.00303096,0.0621432,0.0550033,0.996546,5.6897,-0.0722077,-0.43154,10000,100,1,1
1,443,1,444,0.0025999,0.0642353,0.0233348,0.997659,5.9741,-0.0735058,-0.255266,10000,100,1,1
1,444,1,445,-0.00179086,0.0616955,0.0373902,0.997393,5.94247,0.207794,-0.351528,10000,100,1,1
1,445,1,446,0.0030792,0.0680986,0.0129492,0.99759,5.81961,0.0534436,-0.343714,10000,100,1,1
1,446,1,447,0.00276826,0.0541442,0.0500913,0.997272,5.76548,-0.00733043,-0.535869,10000,100,1,1
1,447,1,448,-0.00724591,0.0551789,0.035918,0.997804,5.93372,0.160423,-0.245852,10000,100,1,1
1,448,1,449,-0.00488502,0.0583182,0.0347486,0.997681,5.83659,0.190445,-0.278819,10000,100,1,1
1,449,1,450,0.00249905,0.0647837,0.0354253,0.997267,5.80575,0.0490006,-0.217435,10000,100,1,1
1,450,1,451,0.00175332,0.06163,0.0102958,0.998044,5.94037,-0.105746,-0.383996,10000,100,1,1
1,451,1,452,-0.000195034,0.0562409,0.0430366,0.997489,5.93269,0.118407,-0.361279,10000,100,1,1
1,452,1,453,-0.00713184,0.0572715,0.0499653,0.997082,5.77817,0.122147,-0.168345,10000,100,1,1
1,453,1,454,0.001801,0.0580636,0.043819,0.997349,5.87231,0.0449308,-0.325559,10000,100,1,1
1,454,1,455,-0.00183394,0.0502518,0.00502031,0.998722,5.95759,-0.10446,-0.461411,10000,100,1,1
1,455,1,456,0.00260627,0.0660304,-0.0030822,0.997809,5.78406,0.0738019,-0.441606,10000,100,1,1
1,456,1,457,-0.00384884,0.0513609,0.0580097,0.996987,5.95271,0.145364,-0.482912,10000,100,1,1
1,457,1,458,-0.00483138,0.0587249,0.0230723,0.997996,5.98294,0.0981044,-0.314154,10000,100,1,1
1,458,1,459,0.00585243,0.0668411,0.00735613,0.997719,5.7759,0.128567,-0.228232,10000,100,1,1
1,459,1,460,0.00282593,0.0545015,0.00466035,0.998499,5.89375,0.0637932,-0.254576,10000,100,1,1
1,460,1,461,-0.0112302,0.0592019,0.0146495,0.998075,5.9505,-0.0616201,-0.446693,10000,100,1,1
1,461,1,462,-0.000122619,0.0692807,-0.0127078,0.997516,5.8297,0.085111,-0.342315,10000,100,1,1
1,462,1,463,-0.00318361,0.0563851,0.00446574,0.998394,5.8165,0.221306,-0.185925,10000,100,1,1
1,463,1,464,-0.0041135,0.0637516,0.0290201,0.997535,6.00393,-0.00931952,-0.462183,10000,100,1,1
1,464,1,465,9.51124e-06,0.0557261,0.0213402,0.998218,5.86789,0.0261723,-0.306497,10000,100,1,1
1,465,1,466,-0.00613245,0.0639962,0.0382771,0.997197,5.98908,0.0378531,-0.256978,10000,100,1,1
1,466,1,467,-0.0012386,0.05191,0.0262635,0.998306,5.93551,0.266178,-0.358432,10000,100,1,1
1,467,1,468,-0.00226398,0.0592611,0.0511997,0.996926,5.78028,0.228768,-0.360943,10000,100,1,1
1,468,1,469,-0.00721563,0.0559928,0.0244834,0.998105,5.7936,0.0885477,-0.277645,10000,100,1,1
1,469,1,470,8.26986e-05,0.0591739,0.0709903,0.99572,5.91996,0.0673377,-0.349883,10000,100,1,1
1,470,1,471,0.00154506,0.0524781,0.0104502,0.998566,5.89389,0.168067,-0.444025,10000,100,1,1
1,471,1,472,0.00552338,0.0519332,0.0336862,0.998067,5.84825,0.149212,-0.287992,10000,100,1,1
1,472,1,473,0.0109846,0.0675059,0.0260692,0.997318,6.02934,0.0713096,-0.27386,10000,100,1,1
1,473,1,474,0.00248986,0.0589565,0.0230193,0.997992,5.91278,0.131277,-0.509767,10000,100,1,1
1,474,1,475,0.00260815,0.0598089,-0.0127552,0.998125,5.832,0.0566081,-0.246129,10000,100,1,1
1,475,1,476,-0.000227474,0.0625563,-0.0351902,0.997421,5.78135,0.0543821,-0.423562,10000,100,1,1
1,476,1,477,-0.000656299,0.0634979,0.0108263,0.997923,5.87459,0.140453,-0.474698,10000,100,1,1
1,477,1,478,-0.00287617,0.0540177,0.0423116,0.997639,5.90999,0.0765201,-0.34204,10000,100,1,1
1,478,1,479,-0.00252478,0.0594886,0.0277249,0.997841,5.91373,-0.0464542,-0.424729,10000,100,1,1
1,479,1,480,0.000840414,0.0629892,0.000473053,0.998014,5.92006,-0.0370302,-0.394517,10000,100,1,1
1,480,1,481,-0.00752506,0.0652778,0.0102165,0.997786,5.67788,0.160756,-0.482692,10000,100,1,1
1,481,1,482,0.00593274,0.0538632,-0.00265849,0.998527,5.81624,-0.0320606,-0.355133,10000,100,1,1
1,482,1,483,0.00920212,0.0652491,0.0195193,0.997636,6.01713,0.210474,-0.204899,10000,100,1,1
1,483,1,484,-0.00556992,0.0630684,0.0420158,0.997109,5.92896,0.0675336,-0.57383,10000,100,1,1
1,484,1,485,0.00282426,0.0566361,0.0218465,0.998152,6.11662,0.020977,-0.424975,10000,100,1,1
1,485,1,486,-0.00202582,0.0476061,0.0112924,0.9988,5.87066,0.0469223,-0.506174,10000,100,1,1
1,486,1,487,0.000172622,0.0622715,0.00435265,0.99805,5.91167,0.103836,-0.465919,10000,100,1,1
1,487,1,488,-0.0112427,0.0664594,0.00899658,0.997685,5.8007,0.0691662,-0.407599,10000,100,1,1
1,488,1,489,-0.0087783,0.0575784,0.0292992,0.997872,5.92943,0.0156208,-0.199829,10000,100,1,1
1,489,1,490,0.00919379,0.0575252,0.0318312,0.997794,5.98538,0.110079,-0.419333,10000,100,1,1
1,490,1,491,-0.00393587,0.0574321,0.0500244,0.997088,5.99323,0.060736,-0.552609,10000,100,1,1
1,491,1,492,0.00192129,0.0669781,0.0205527,0.997541,5.87864,0.00983747,-0.301448,10000,100,1,1
1,492,1,493,-0.00236041,0.0641754,0.0585157,0.996219,6.05482,0.0756201,-0.41822,10000,100,1,1
1,493,1,494,0.00199719,0.0514519,-0.0031087,0.998669,6.03533,0.0059417,-0.304103,10000,100,1,1
1,494,1,495,0.00358413,0.0599911,0.0570031,0.996564,6.03443,0.12901,-0.252569,10000,100,1,1
1,495,1,496,0.00374966,0.0550077,0.0377747,0.997764,5.96137,0.0238147,-0.302607,10000,100,1,1
1,496,1,497,0.000496488,0.0600466,0.0399103,0.997397,5.95767,0.0792133,-0.469595,10000,100,1,1
1,497,1,498,-0.00263323,0.0566381,0.0113073,0.998327,5.78988,0.181554,-0.349835,10000,100,1,1
1,498,1,499,-0.00457504,0.0638413,0.0169667,0.997805,5.99736,0.0144268,-0.270316,10000,100,1,1
1,0,1,50,0.0330061,0.00628363,-0.0078054,0.999405,-0.163621,-3.16965,0.0545318,10000,100,0,1
1,1,1,51,0.0309955,0.0021125,0.0217832,0.99928,-0.104354,-3.21142,-0.0373729,10000,100,0,1
1,2,1,52,0.0285464,-0.00382491,-0.0235531,0.999308,0.0419734,-3.15903,-0.0196529,10000,100,0,1
1,3,1,53,0.0364852,0.0105343,0.00213265,0.999276,0.102133,-2.97393,-0.12117,10000,100,0,1
1,4,1,54,0.0297851,-3.0813e-05,-0.0197039,0.999362,-0.0251412,-3.15216,-0.0474008,10000,100,0,1
1,5,1,55,0.0310397,0.00882095,-0.0190284,0.999298,-0.00332317,-3.05428,-0.0346111,10000,100,0,1
1,6,1,56,0.0274783,0.00282275,0.000487578,0.999618,-0.0533068,-3.13507,-0.0539043,10000,100,0,1
1,7,1,57,0.035938,0.00648522,-0.00161748,0.999332,0.0683012,-3.15511,0.054601,10000,100,0,1
1,8,1,58,0.034031,0.00151357,-0.0314331,0.998925,-0.150612,-3.02293,-0.024401,10000,100,0,1
1,9,1,59,0.0322405,-0.00620877,0.00837488,0.999426,0.129548,-3.07578,-0.213948,10000,100,0,1
1,10,1,60,0.0324977,-0.00678184,-0.0375009,0.998745,0.115483,-3.05728,-0.133386,10000,100,0,1
1,11,1,61,0.0328555,0.00584151,0.00141325,0.999442,-0.164549,-3.1017,-0.0506549,10000,100,0,1
1,12,1,62,0.0413241,-0.00378107,-0.0029613,0.999134,0.0121592,-3.07021,-0.0297745,10000,100,0,1
1,13,1,63,0.0322997,0.00243556,-0.00111139,0.999475,0.00163415,-3.14105,-0.165022,10000,100,0,1
1,14,1,64,0.0404269,-0.00986164,0.00389356,0.999126,-0.0918992,-3.21551,-0.0462589,10000,100,0,1
1,15,1,65,0.0324026,0.00252726,-0.00395483,0.999464,-0.00941106,-2.9553,0.0309539,10000,100,0,1
1,16,1,66,0.0355846,0.00655105,0.00473838,0.999334,0.0881701,-3.16325,-0.0750626,10000,100,0,1
1,17,1,67,0.0355389,0.0138056,-0.00825198,0.999239,0.117849,-2.80609,-0.232063,10000,100,0,1
1,18,1,68,0.0274777,0.00442166,-0.0350784,0.998997,0.137367,-2.90154,-0.0226107,10000,100,0,1
1,19,1,69,0.0193714,0.00291814,-0.000742454,0.999808,0.15282,-2.9799,-0.0173958,10000,100,0,1
1,20,1,70,0.026482,-0.00413343,-0.0214795,0.99941,-0.169751,-2.95091,-0.182311,10000,100,0,1
1,21,1,71,0.0272445,-0.000635988,0.0202607,0.999423,0.118028,-3.16972,-0.00385608,10000,100,0,1
1,22,1,72,0.0260598,0.00615878,0.0147039,0.999533,0.0744819,-3.06681,-0.10571,10000,100,0,1
1,23,1,73,0.0268313,0.000490604,0.0271469,0.999271,-0.173998,-2.97492,-0.0652306,10000,100,0,1
1,24,1,74,0.0296139,0.000375424,-0.0191288,0.999378,-0.123564,-2.85526,-0.0244972,10000,100,0,1
1,25,1,75,0.0259363,0.0019589,-0.00755243,0.999633,0.0111203,-3.13927,-0.125059,10000,100,0,1
1,26,1,76,0.0264605,0.00455662,-0.03557,0.999006,-0.255423,-2.9201,-0.196621,10000,100,0,1
1,27,1,77,0.0314353,-0.000927103,0.00991211,0.999456,-0.0583655,-3.09565,-0.0726507,10000,100,0,1
1,28,1,78,0.0315251,0.00313456,0.0116546,0.99943,0.0365176,-3.12017,0.0846079,10000,100,0,1
1,29,1,79,0.026178,0.00255825,-0.0354087,0.999027,0.0365424,-3.01631,-0.181254,10000,100,0,1
1,30,1,80,0.0374528,0.0014655,0.00479555,0.999286,0.0981233,-3.08102,-0.226484,10000,100,0,1
1,31,1,81,0.0327305,0.00383631,-0.0231586,0.999189,0.123115,-3.10015,-0.403189,10000,100,0,1
1,32,1,82,0.0357139,-0.000855889,-0.0118444,0.999291,-0.0367158,-2.95233,-0.152982,10000,100,0,1
1,33,1,83,0.0324835,0.000377861,-0.0197107,0.999278,0.0902465,-3.11587,-0.178165,10000,100,0,1
1,34,1,84,0.0300482,0.00214515,0.0202326,0.999341,0.0440548,-2.96893,-0.0821,10000,100,0,1
1,35,1,85,0.0339813,0.00371064,-0.00515754,0.999402,-0.143013,-2.9968,-0.0868078,10000,100,0,1
1,36,1,86,0.0363719,-0.00128434,-0.0338407,0.998764,-0.0114761,-3.03959,0.00187525,10000,100,0,1
1,37,1,87,0.0303829,0.00271483,0.0276872,0.999151,0.0941817,-3.30746,-0.0836066,10000,100,0,1
1,38,1,88,0.0414061,0.00361443,-0.0182909,0.998968,-0.0647356,-3.06441,-0.189473,10000,100,0,1
1,39,1,89,0.0316566,-0.00262602,-0.0028143,0.999491,-0.111086,-2.93712,-0.0480663,10000,100,0,1
1,40,1,90,0.0278841,-0.00682606,0.0176014,0.999433,0.174395,-2.91901,-0.381083,10000,100,0,1
1,41,1,91,0.0292443,0.00806466,0.0445992,0.998544,0.0193627,-3.01033,-0.196237,10000,100,0,1
1,42,1,92,0.0360019,-0.00499068,-0.0143431,0.999236,0.0930682,-2.9934,-0.291053,10000,100,0,1
1,43,1,93,0.0277644,0.00862086,0.00460789,0.999567,-0.133796,-3.14294,0.109997,10000,100,0,1
1,44,1,94,0.0311076,-0.00588904,-0.00957592,0.999453,0.0323602,-3.15931,-0.052984,10000,100,0,1
1,45,1,95,0.0293861,-0.00608704,-0.0115077,0.999483,0.121139,-3.06999,-0.154193,10000,100,0,1
1,46,1,96,0.0367738,-0.00111308,0.000535756,0.999323,0.0248243,-3.05119,-0.120918,10000,100,0,1
1,47,1,97,0.0311638,0.00762574,0.00326692,0.99948,-0.0769754,-3.19866,-0.306113,10000,100,0,1
1,48,1,98,0.0280978,0.00630474,0.00227868,0.999583,0.0275225,-3.1356,0.0673245,10000,100,0,1
1,49,1,99,0.0296656,-0.00819024,0.0286397,0.999116,-0.0222005,-3.05045,-0.216093,10000,100,0,1
1,50,1,100,0.0306109,0.00615686,0.0171008,0.999366,-0.0913171,-3.07627,-0.227804,10000,100,0,1
1,51,1,101,0.0300768,0.00191979,0.0224288,0.999294,0.217781,-3.08133,-0.0219625,10000,100,0,1
1,52,1,102,0.0348386,-0.0111835,-0.0212642,0.999104,0.138177,-2.98575,-0.21377,10000,100,0,1
1,53,1,103,0.0250261,-4.50247e-05,-0.0127802,0.999605,0.105881,-3.09497,-0.225522,10000,100,0,1
1,54,1,104,0.0343573,-0.00432072,-0.0117453,0.999331,0.0383596,-3.06322,-0.0970011,10000,100,0,1
1,55,1,105,0.0370963,0.00459481,0.000800058,0.999301,-0.0493043,-3.06466,-0.00136487,10000,100,0,1
1,56,1,106,0.0274233,-0.00536668,-0.033781,0.999039,0.0645644,-2.97867,-0.150372,10000,100,0,1
1,57,1,107,0.0374753,-8.64519e-05,-0.0110076,0.999237,0.0085063,-2.88327,-0.245031,10000,100,0,1
1,58,1,108,0.029585,-0.00148873,0.0170705,0.999415,-0.117246,-3.1119,-0.127917,10000,100,0,1
1,59,1,109,0.0345522,-0.00454819,-0.00457223,0.999382,-0.0263756,-3.24024,-0.16108,10000,100,0,1
1,60,1,110,0.040086,-0.00576047,0.0135837,0.999087,0.167257,-3.23493,-0.0561997,10000,100,0,1
1,61,1,111,0.030021,0.00483328,0.0221632,0.999292,-0.130666,-3.12044,-0.359361,10000,100,0,1
1,62,1,112,0.0325586,-0.00060703,0.0226097,0.999214,-0.0075968,-2.98718,0.0539465,10000,100,0,1
1,63,1,113,0.030892,0.00196257,0.0136752,0.999427,-0.0297144,-3.02826,-0.0633629,10000,100,0,1
1,64,1,114,0.0322178,-0.00942791,-0.0204414,0.999227,-0.0219157,-3.08952,0.0546854,10000,100,0,1
1,65,1,115,0.0348217,0.00786863,0.0060386,0.999344,-0.180138,-2.92808,-0.146498,10000,100,0,1
1,66,1,116,0.033717,0.00205795,-0.0491428,0.99822,-0.0209347,-3.13195,-0.0894558,10000,100,0,1
1,67,1,117,0.0315801,0.00161566,0.0119764,0.999428,0.103565,-2.87903,-0.0553424,10000,100,0,1
1,68,1,118,0.0275641,-0.00338814,0.00271596,0.999611,0.0717569,-3.03175,-0.147548,10000,100,0,1
1,69,1,119,0.0356332,-0.000970046,-0.00381198,0.999357,0.176132,-3.03593,-0.226181,10000,100,0,1
1,70,1,120,0.0309154,-8.56239e-05,0.00960784,0.999476,0.0262121,-3.2364,-0.31317,10000,100,0,1
1,71,1,121,0.0274778,-0.00505628,-0.0214649,0.999379,-0.0771407,-3.21892,-0.143892,10000,100,0,1
1,72,1,122,0.0274784,-0.0025894,-0.0437423,0.998662,-0.0191508,-2.89773,-0.192926,10000,100,0,1
1,73,1,123,0.0361255,0.0051508,0.0350114,0.99872,0.115673,-2.9967,-0.184285,10000,100,0,1
1,74,1,124,0.0266058,0.00106748,-0.00170038,0.999644,-0.0805158,-3.0637,-0.0155647,10000,100,0,1
1,75,1,125,0.0326008,0.00421985,0.019255,0.999274,-0.149993,-3.03048,-0.0277595,10000,100,0,1
1,76,1,126,0.0292173,0.0020669,0.00510784,0.999558,0.116528,-3.22838,-0.0339172,10000,100,0,1
1,77,1,127,0.0340546,0.00222853,0.0402666,0.998606,-0.110781,-3.10471,-0.199706,10000,100,0,1
1,78,1,128,0.0308136,-0.00571176,-0.00297903,0.999504,0.00109741,-3.14353,-0.105799,10000,100,0,1
1,79,1,129,0.0290503,-0.00360321,-0.0361021,0.998919,0.0974902,-3.11791,-0.131678,10000,100,0,1
1,80,1,130,0.0278203,0.00304611,0.0136976,0.999514,0.00453313,-2.9714,0.0925819,10000,100,0,1
1,81,1,131,0.0314682,-0.00420061,0.02105,0.999274,-0.115355,-2.98364,0.157234,10000,100,0,1
1,82,1,132,0.0340867,-0.0063567,-0.0283752,0.998996,0.132042,-3.11403,-0.0589675,10000,100,0,1
1,83,1,133,0.0260827,0.00745846,-0.0247276,0.999326,-0.0531079,-3.28654,-0.178329,10000,100,0,1
1,84,1,134,0.0244994,-0.005339,-0.00189435,0.999684,-0.102543,-2.91659,-0.169003,10000,100,0,1
1,85,1,135,0.0283221,-0.00509916,-0.00606754,0.999567,0.0188628,-3.08291,-0.0545405,10000,100,0,1
1,86,1,136,0.0326586,0.00253799,-0.0538349,0.998012,-0.0186219,-2.91079,-0.169436,10000,100,0,1
1,87,1,137,0.033975,0.00467894,-0.012593,0.999332,0.163032,-2.88887,-0.20214,10000,100,0,1
1,88,1,138,0.0273719,0.00269246,0.00837976,0.999587,-0.0349211,-2.90975,-0.0629346,10000,100,0,1
1,89,1,139,0.032543,-0.00344607,0.0235308,0.999187,-0.0784669,-2.92389,0.048557,10000,100,0,1
1,90,1,140,0.028088,0.00176191,-0.0171042,0.999458,-0.0971855,-3.25658,-0.121232,10000,100,0,1
1,91,1,141,0.0245391,0.000529652,-0.0176662,0.999543,-0.0338137,-3.10458,-0.0901958,10000,100,0,1
1,92,1,142,0.0251913,0.00617023,0.0015066,0.999662,0.0211381,-3.10805,0.117471,10000,100,0,1
1,93,1,143,0.0327301,0.000293906,-0.000807492,0.999464,-0.0390567,-2.88846,-0.0667041,10000,100,0,1
1,94,1,144,0.0266893,-0.00429679,-0.0338258,0.999062,-0.0688095,-2.9161,-0.064569,10000,100,0,1
1,95,1,145,0.0308333,-6.72497e-05,0.0199128,0.999326,0.104472,-3.12484,-0.116632,10000,100,0,1
1,96,1,146,0.0292836,2.26744e-05,-0.0310719,0.999088,-0.0754471,-3.10779,-0.122706,10000,100,0,1
1,97,1,147,0.0258069,0.000329027,-0.0018586,0.999665,-0.293249,-3.21274,-0.103374,10000,100,0,1
1,98,1,148,0.0357129,-0.0076504,-0.0063118,0.999313,-0.0803516,-3.08883,-0.0913335,10000,100,0,1
1,99,1,149,0.0357026,0.00513247,-0.0371454,0.998659,0.135486,-3.16659,0.0217741,10000,100,0,1
1,100,1,150,0.0328832,-0.000702116,-0.0213877,0.99923,-0.034966,-3.0843,-0.0254212,10000,100,0,1
1,101,1,151,0.0263751,-0.00229653,-0.00455237,0.999639,-0.0783863,-2.89001,-0.088552,10000,100,0,1
1,102,1,152,0.0257034,-0.00073646,0.0232659,0.999399,0.0286726,-3.02008,-0.0385886,10000,100,0,1
1,103,1,153,0.0302448,-0.004658,-0.0046747,0.999521,0.0625562,-3.10728,-0.0534136,10000,100,0,1
1,104,1,154,0.0288699,-0.00819827,0.0075254,0.999521,-0.0726515,-3.11078,-0.0699573,10000,100,0,1
1,105,1,155,0.0174673,0.000138999,-0.011382,0.999783,0.111023,-2.91284,-0.167086,10000,100,0,1
1,106,1,156,0.031038,0.0052409,-0.00744187,0.999477,0.0301243,-3.10369,-0.0933881,10000,100,0,1
1,107,1,157,0.0328958,0.00172,-0.000887988,0.999457,0.250933,-2.89436,-0.0721453,10000,100,0,1
1,108,1,158,0.026445,0.00144315,0.0226387,0.999393,-0.142257,-2.94673,-0.100253,10000,100,0,1
1,109,1,159,0.034044,-9.93487e-05,0.00603104,0.999402,-0.106918,-3.22448,-0.120135,10000,100,0,1
1,110,1,160,0.0264274,0.000125552,-0.0253501,0.999329,-0.107243,-3.09151,-0.121869,10000,100,0,1
1,111,1,161,0.0303698,0.00267147,0.000992614,0.999535,0.0576411,-2.92054,-0.0636224,10000,100,0,1
1,112,1,162,0.0277876,-0.00334993,-0.00560111,0.999593,0.080842,-3.10442,-0.0254554,10000,100,0,1
1,113,1,163,0.0292445,-0.0058868,-0.00416006,0.999546,-0.000810475,-2.91316,-0.22155,10000,100,0,1
1,114,1,164,0.0273852,0.00156952,0.00800001,0.999592,-0.131808,-2.9568,0.0245631,10000,100,0,1
1,115,1,165,0.0273128,0.00384152,-0.00484645,0.999608,0.139337,-2.98617,-0.145113,10000,100,0,1
1,116,1,166,0.0282055,0.00275228,-0.0399104,0.998801,0.0209602,-3.14324,-0.14566,10000,100,0,1
1,117,1,167,0.0305747,0.00384426,0.000779242,0.999525,-0.0323372,-3.03405,-0.00795233,10000,100,0,1
1,118,1,168,0.0246347,-0.00218503,0.00919241,0.999652,0.0625432,-2.96391,-0.249299,10000,100,0,1
1,119,1,169,0.0344318,-0.00296489,0.0400092,0.998601,-0.00919857,-3.20073,-0.110496,10000,100,0,1
1,120,1,170,0.0312497,-0.00162012,-0.00608178,0.999492,0.142185,-3.16806,-0.183042,10000,100,0,1
1,121,1,171,0.0261174,-0.00439773,-0.0420097,0.998766,-0.0838522,-3.06195,-0.104522,10000,100,0,1
1,122,1,172,0.0239876,-0.0010889,0.0101303,0.99966,-0.146327,-3.08104,-0.203005,10000,100,0,1
1,123,1,173,0.0385413,0.00355413,-0.0199802,0.999051,0.129303,-3.00686,-0.0162339,10000,100,0,1
1,124,1,174,0.032347,0.000357774,-0.00608402,0.999458,-0.120919,-2.88785,-0.0695128,10000,100,0,1
1,125,1,175,0.0281033,-0.00116268,-0.0155296,0.999484,0.108143,-3.22631,-0.0574474,10000,100,0,1
1,126,1,176,0.0321681,-0.00108422,0.00207771,0.99948,0.00855134,-3.03155,0.0720902,10000,100,0,1
1,127,1,177,0.0356167,0.00143643,-0.0108592,0.999305,-0.0407317,-2.99311,-0.0451831,10000,100,0,1
1,128,1,178,0.034243,0.00346338,-0.0101991,0.999355,0.153689,-3.03586,-0.119724,10000,100,0,1
1,129,1,179,0.0196965,-0.000563607,0.00406932,0.999798,-0.0667627,-3.17025,-0.0865129,10000,100,0,1
1,130,1,180,0.0256076,-0.00062399,-0.0352847,0.999049,0.240884,-2.94906,-0.146747,10000,100,0,1
1,131,1,181,0.0300381,0.00328361,-0.00787627,0.999512,-0.0322977,-3.11386,-0.256465,10000,100,0,1
1,132,1,182,0.0271462,0.00326653,0.00908947,0.999585,0.0458059,-3.10663,-0.230961,10000,100,0,1
1,133,1,183,0.0250841,-0.00408689,-0.0278482,0.999289,0.105267,-3.06434,-0.0411372,10000,100,0,1
1,134,1,184,0.024029,0.00667945,0.0195743,0.999497,0.0417394,-2.95678,-0.00337082,10000,100,0,1
1,135,1,185,0.0304932,-0.00919989,-0.00145841,0.999492,0.100183,-3.00557,-0.0809461,10000,100,0,1
1,136,1,186,0.0220676,0.00479858,0.0152206,0.999629,0.0405188,-2.94075,-0.0807655,10000,100,0,1
1,137,1,187,0.029975,0.00526823,0.00784361,0.999506,0.0948729,-3.1515,-0.0340898,10000,100,0,1
1,138,1,188,0.0278228,0.000787073,0.0123082,0.999537,-0.0413858,-3.18189,-0.024737,10000,100,0,1
1,139,1,189,0.0296944,-0.00785639,0.00479762,0.999517,0.116434,-3.10073,-0.158501,10000,100,0,1
1,140,1,190,0.029208,-0.00444806,0.0212923,0.999337,0.0824377,-3.11335,-0.148959,10000,100,0,1
1,141,1,191,0.0316619,-0.00902138,-0.0145049,0.999353,-0.104628,-3.00161,-0.103736,10000,100,0,1
1,142,1,192,0.0206509,-0.00904905,0.0244653,0.999446,-0.0255222,-3.10173,0.0753851,10000,100,0,1
1,143,1,193,0.0357666,-0.00170643,0.0118824,0.999288,0.134381,-2.95403,-0.107628,10000,100,0,1
1,144,1,194,0.0302915,-0.0031246,0.00695863,0.999512,-0.0927595,-3.01516,-0.0966376,10000,100,0,1
1,145,1,195,0.0353347,0.00307909,0.0101772,0.999319,0.0650283,-3.09518,0.00256764,10000,100,0,1
1,146,1,196,0.0325515,0.00350126,0.00252998,0.999461,0.06834,-3.10697,-0.0879081,10000,100,0,1
1,147,1,197,0.0324502,0.00428144,-0.0234559,0.999189,-0.104393,-3.08199,-0.114826,10000,100,0,1
1,148,1,198,0.0283599,-0.0041115,-0.0133122,0.999501,-0.138608,-2.95232,-0.11823,10000,100,0,1
1,149,1,199,0.0232149,0.00444998,-0.0120459,0.999648,-0.257695,-2.99525,-0.149945,10000,100,0,1
1,150,1,200,0.035726,0.000621574,-0.0125476,0.999283,-0.0894419,-3.19973,0.0132695,10000,100,0,1
1,151,1,201,0.0352361,0.0129709,0.00201653,0.999293,-0.0248016,-2.97752,-0.110349,10000,100,0,1
1,152,1,202,0.0277604,-0.00700876,0.0103919,0.999536,0.0620787,-3.20143,-0.312803,10000,100,0,1
1,153,1,203,0.0306551,-0.00717686,-0.0131881,0.999417,0.0826487,-3.06463,0.0273676,10000,100,0,1
1,154,1,204,0.0282843,-0.00603484,-0.00231542,0.999579,-0.0814438,-3.13962,-0.148475,10000,100,0,1
1,155,1,205,0.0267797,0.00544311,0.00164947,0.999625,0.0662315,-3.07415,-0.103446,10000,100,0,1
1,156,1,206,0.0350375,0.00338286,-0.0240757,0.99909,-0.000459968,-3.02377,-0.110942,10000,100,0,1
1,157,1,207,0.0296383,0.00276724,0.0161466,0.999426,0.0770635,-2.9474,-0.049141,10000,100,0,1
1,158,1,208,0.0309798,0.00283477,0.027445,0.999139,-0.0495085,-3.27615,-0.147046,10000,100,0,1
1,159,1,209,0.0312408,-0.00215756,-0.0111184,0.999448,0.0033146,-2.96458,-0.00803129,10000,100,0,1
1,160,1,210,0.036152,-0.00117343,-0.0274648,0.998968,0.243191,-3.20723,-0.0870602,10000,100,0,1
1,161,1,211,0.0353767,-0.000249548,0.020571,0.999162,0.204564,-3.00899,-0.185351,10000,100,0,1
1,162,1,212,0.0325237,0.00508524,-0.00697004,0.999434,-0.0463396,-2.9789,-0.0567237,10000,100,0,1
1,163,1,213,0.0240482,0.000992548,-0.0204837,0.9995,-0.0362462,-3.02737,0.0813519,10000,100,0,1
1,164,1,214,0.0275876,0.00413214,-0.0132688,0.999523,-0.0650279,-2.9986,-0.160333,10000,100,0,1
1,165,1,215,0.0379932,0.00328125,0.0137918,0.999177,0.131739,-3.09642,-0.071034,10000,100,0,1
1,166,1,216,0.036988,-0.00402475,0.0139574,0.99921,0.0797012,-2.97075,-0.0576583,10000,100,0,1
1,167,1,217,0.0285268,-0.00345454,0.0279106,0.999197,-0.00621292,-3.17685,-0.199553,10000,100,0,1
1,168,1,218,0.0209611,0.00166775,0.00565878,0.999763,0.060683,-3.00908,-0.180527,10000,100,0,1
1,169,1,219,0.0331045,-0.00229844,0.00081615,0.999449,-0.0318945,-3.14906,0.0363823,10000,100,0,1
1,170,1,220,0.0370605,0.00548113,-0.0140924,0.999199,0.178589,-3.10867,0.0191606,10000,100,0,1
1,171,1,221,0.0327455,-0.00481853,-0.0455087,0.998415,-0.0155655,-3.08082,-0.0531484,10000,100,0,1
1,172,1,222,0.0435547,-0.00040571,0.0117757,0.998982,0.150353,-3.0813,-0.0456873,10000,100,0,1
1,173,1,223,0.0340837,0.00731737,-0.00392148,0.999384,0.0097035,-3.05826,-0.0986314,10000,100,0,1
1,174,1,224,0.0285712,0.00236995,-0.00761308,0.99956,-0.0599824,-3.06906,-0.221878,10000,100,0,1
1,175,1,225,0.0366446,-0.00739857,0.000116906,0.999301,0.0611193,-2.84611,-0.118206,10000,100,0,1
1,176,1,226,0.0264775,0.00187251,0.0228339,0.999387,0.0710463,-2.91241,-0.208907,10000,100,0,1
1,177,1,227,0.029414,0.00644532,0.0114937,0.99948,0.0518681,-2.99773,-0.150974,10000,100,0,1
1,178,1,228,0.0252842,0.00101017,0.0150783,0.999566,-0.225372,-3.01335,-0.0491786,10000,100,0,1
1,179,1,229,0.0307196,-0.00396486,0.0164801,0.999384,-0.012386,-3.14058,-0.147946,10000,100,0,1
1,180,1,230,0.0428755,-0.00122748,-0.0212289,0.998854,0.127501,-3.23616,-0.146851,10000,100,0,1
1,181,1,231,0.0358816,0.00293555,0.0063647,0.999331,-0.0608466,-3.12941,-0.124451,10000,100,0,1
1,182,1,232,0.0252609,0.00163541,0.0357969,0.999038,0.0172322,-3.23209,-0.0754052,10000,100,0,1
1,183,1,233,0.0396891,-0.00560867,-0.0254069,0.998873,-0.159021,-3.05302,0.0570758,10000,100,0,1
1,184,1,234,0.032324,-0.00117763,0.0260414,0.999137,-0.0431675,-3.03141,-0.165398,10000,100,0,1
1,185,1,235,0.0259215,-0.00621347,0.00196692,0.999643,-0.0694909,-3.00382,0.0168952,10000,100,0,1
1,186,1,236,0.027293,0.00554714,-0.00308024,0.999607,0.0843335,-3.03308,0.0133178,10000,100,0,1
1,187,1,237,0.0217454,-0.0110293,0.00277584,0.999699,-0.0155025,-3.00305,-0.0920616,10000,100,0,1
1,188,1,238,0.0289673,0.00364173,-0.0167664,0.999433,-0.0530177,-3.07663,-0.197915,10000,100,0,1
1,189,1,239,0.0188422,-0.00800079,-0.0140076,0.999692,-0.03415,-3.04972,-0.0554636,10000,100,0,1
1,190,1,240,0.0288038,0.00618177,0.0166195,0.999428,-0.123281,-3.04403,-0.230141,10000,100,0,1
1,191,1,241,0.0305527,0.00164943,0.0109415,0.999472,-0.108546,-2.95644,0.104505,10000,100,0,1
1,192,1,242,0.0278708,-0.00983237,0.0113043,0.999499,-0.02648,-2.98653,-0.00950177,10000,100,0,1
1,193,1,243,0.027416,-0.00634658,-0.0148328,0.999494,0.136399,-2.98141,-0.0754871,10000,100,0,1
1,194,1,244,0.0319169,0.00430753,0.032428,0.998955,0.0250219,-3.03039,-0.178337,10000,100,0,1
1,195,1,245,0.0210302,0.00635344,-0.026565,0.999406,-0.0317407,-3.02702,-0.00655395,10000,100,0,1
1,196,1,246,0.023199,0.00204966,0.0144976,0.999624,0.0349984,-3.07044,-0.335171,10000,100,0,1
1,197,1,247,0.040234,-0.0121807,-0.0226821,0.998859,0.0869135,-3.03999,-0.0430887,10000,100,0,1
1,198,1,248,0.0327729,-0.00604821,0.00162034,0.999443,0.081417,-3.11205,0.0585525,10000,100,0,1
1,199,1,249,0.0269899,0.00618427,-0.0173912,0.999465,0.0472414,-3.27667,-0.0135453,10000,100,0,1
1,200,1,250,0.0257114,-0.00383942,-0.022864,0.999401,0.00143124,-3.02074,-0.130756,10000,100,0,1
1,201,1,251,0.0376413,-0.00562778,-0.0131372,0.999189,-0.0646202,-3.13637,-0.221832,10000,100,0,1
1,202,1,252,0.0255745,-0.00773807,-0.0319801,0.999131,0.0602422,-3.06527,0.0551907,10000,100,0,1
1,203,1,253,0.0312385,0.000736099,-0.0314083,0.999018,0.0497318,-3.14818,-0.284565,10000,100,0,1
1,204,1,254,0.0335987,-0.00454626,0.00854459,0.999389,0.200219,-3.01629,-0.164168,10000,100,0,1
1,205,1,255,0.0372059,-0.00549922,-0.0337022,0.998724,-0.052488,-2.81056,-0.262404,10000,100,0,1
1,206,1,256,0.0348837,-0.00503133,-0.0028126,0.999375,0.136117,-3.26935,-0.0411376,10000,100,0,1
1,207,1,257,0.0364414,0.000950986,-0.0218812,0.999096,-0.0220964,-3.13557,-0.109377,10000,100,0,1
1,208,1,258,0.0288262,0.00638975,0.0275324,0.999185,0.1715,-2.92704,-0.0953862,10000,100,0,1
1,209,1,259,0.0288911,0.00035555,-0.0182593,0.999416,-0.0177704,-2.92812,-0.12304,10000,100,0,1
1,210,1,260,0.0280165,-0.0018301,0.00800678,0.999574,-0.00132276,-3.15674,-0.0104801,10000,100,0,1
1,211,1,261,0.0255814,0.00480393,-0.00532957,0.999647,0.232386,-3.19802,-0.0631278,10000,100,0,1
1,212,1,262,0.0264639,-0.00415365,-0.0213536,0.999413,0.0735347,-3.03618,-0.170271,10000,100,0,1
1,213,1,263,0.0256147,-0.012946,-0.014858,0.999478,-0.102391,-2.98661,-0.0574297,10000,100,0,1
1,214,1,264,0.021727,-0.00572137,-0.00310282,0.999743,0.0790525,-3.07381,0.0923594,10000,100,0,1
1,215,1,265,0.0348898,0.00325296,-0.00465156,0.999375,-0.246045,-2.94552,-0.0813163,10000,100,0,1
1,216,1,266,0.0371374,-0.00103135,0.00794953,0.999278,0.0421949,-3.12307,-0.00169529,10000,100,0,1
1,217,1,267,0.0281753,0.00816829,0.0186633,0.999395,-0.0764322,-2.9681,-0.186424,10000,100,0,1
1,218,1,268,0.0305388,-0.00659315,-0.0294118,0.999079,0.145398,-3.18209,-0.0298385,10000,100,0,1
1,219,1,269,0.0358599,-0.00551232,-0.00829201,0.999307,0.228894,-3.07293,-0.122738,10000,100,0,1
1,220,1,270,0.028917,-0.00322563,-0.00373836,0.99957,0.0141565,-3.11093,-0.065615,10000,100,0,1
1,221,1,271,0.0313939,-0.00124722,-0.0131211,0.99942,-0.163798,-3.03062,-0.144652,10000,100,0,1
1,222,1,272,0.0318143,0.00355604,-0.0564513,0.997892,0.00167071,-3.00048,-0.203674,10000,100,0,1
1,223,1,273,0.0300869,-0.000631285,-0.0217284,0.999311,-0.0744552,-3.10671,-0.261514,10000,100,0,1
1,224,1,274,0.0300997,0.00247651,0.0286787,0.999132,-0.0401624,-3.08972,-0.11275,10000,100,0,1
1,225,1,275,0.0299951,-0.00565721,-0.0218414,0.999295,0.0601041,-3.05128,-0.0216824,10000,100,0,1
1,226,1,276,0.0290697,0.00298695,0.0165721,0.999436,0.0712137,-3.10376,-0.139921,10000,100,0,1
1,227,1,277,0.0217906,0.00123246,-0.0262577,0.999417,0.0553983,-3.0064,-0.0140212,10000,100,0,1
1,228,1,278,0.0241437,-0.00150647,0.0122862,0.999632,0.10469,-2.94151,-0.0784139,10000,100,0,1
1,229,1,279,0.0298033,0.0057816,-0.0074046,0.999512,0.0935204,-3.05444,0.0383777,10000,100,0,1
1,230,1,280,0.0326386,0.00553466,0.00578264,0.999435,0.0792262,-2.97175,-0.261219,10000,100,0,1
1,231,1,281,0.0386604,-0.00648279,0.0105324,0.999176,-0.0647844,-3.19386,0.0147493,10000,100,0,1
1,232,1,282,0.031577,-0.00597782,-0.0310572,0.999001,-0.113585,-3.20825,-0.123464,10000,100,0,1
1,233,1,283,0.0402363,0.00986037,-0.0093774,0.999098,-0.0380606,-3.23021,-0.0350393,10000,100,0,1
1,234,1,284,0.0342788,-0.00412016,-0.0087691,0.999365,-0.0532074,-2.92181,0.0252862,10000,100,0,1
1,235,1,285,0.0349192,-0.00718911,-0.0301432,0.99891,-0.0742974,-2.96135,-0.0917263,10000,100,0,1
1,236,1,286,0.035204,-0.00451102,-0.00412531,0.999361,-0.0594782,-3.04182,0.169928,10000,100,0,1
1,237,1,287,0.0336066,0.000128262,0.00217063,0.999433,-0.05792,-2.93917,-0.00708197,10000,100,0,1
1,238,1,288,0.0269596,0.00366669,0.0100895,0.999579,-0.048066,-2.97112,-0.122619,10000,100,0,1
1,239,1,289,0.0288791,0.000544388,-0.00677399,0.99956,-0.0804408,-3.06758,-0.195288,10000,100,0,1
1,240,1,290,0.0277397,0.0064667,-0.00457841,0.999584,-0.100383,-3.24976,-0.177829,10000,100,0,1
1,241,1,291,0.0302828,-0.00982313,0.00265942,0.99949,0.08881,-3.15537,-0.204829,10000,100,0,1
1,242,1,292,0.0218109,-0.00244464,-0.000934834,0.999759,-0.0426849,-3.00134,0.0248191,10000,100,0,1
1,243,1,293,0.0341647,-0.00409592,-0.0285432,0.999,0.136526,-3.09036,-0.312215,10000,100,0,1
1,244,1,294,0.0357357,0.00789796,0.00894453,0.99929,0.122074,-3.13615,-0.0690339,10000,100,0,1
1,245,1,295,0.0275881,0.000991733,0.0164031,0.999484,-0.0408824,-3.06165,-0.180283,10000,100,0,1
1,246,1,296,0.0269066,0.00497864,-0.0239507,0.999339,0.0291763,-3.14629,-0.121005,10000,100,0,1
1,247,1,297,0.0353957,-0.00610227,-0.020829,0.999138,0.00995621,-3.09276,-0.134331,10000,100,0,1
1,248,1,298,0.0314195,0.00114981,0.0111842,0.999443,-0.229286,-2.88429,-0.0733723,10000,100,0,1
1,249,1,299,0.0370436,-0.00142244,-0.0136584,0.999219,0.0947196,-3.10909,-0.00814159,10000,100,0,1
1,250,1,300,0.02905,-0.00294307,-0.0133036,0.999485,0.139404,-2.95773,-0.0703432,10000,100,0,1
1,251,1,301,0.0365553,0.00332581,-0.0043358,0.999317,-0.18957,-3.11952,0.0212357,10000,100,0,1
1,252,1,302,0.0315926,0.00771031,0.0141715,0.999371,-0.0838925,-3.13107,-0.192335,10000,100,0,1
1,253,1,303,0.0319566,-0.00073622,0.00633126,0.999469,0.0237125,-2.91934,-0.282738,10000,100,0,1
1,254,1,304,0.0224088,-0.00167119,-0.000677608,0.999747,0.0289448,-3.15941,-0.0906228,10000,100,0,1
1,255,1,305,0.0267449,-0.000933132,0.0106029,0.999586,0.00110749,-3.21089,0.0477078,10000,100,0,1
1,256,1,306,0.0337572,-0.0120511,-0.0173919,0.999206,0.0533136,-2.97653,-0.0578557,10000,100,0,1
1,257,1,307,0.0350654,-0.00975741,0.00996864,0.999288,0.0501075,-3.12399,0.100344,10000,100,0,1
1,258,1,308,0.0312189,-0.00403108,-0.0164638,0.999369,0.0597505,-2.93625,-0.0114413,10000,100,0,1
1,259,1,309,0.0237339,-0.00334839,0.0126851,0.999632,-0.0970999,-3.08923,-0.195035,10000,100,0,1
1,260,1,310,0.038904,0.00311734,-0.00187322,0.999236,0.192883,-3.12142,-0.0530891,10000,100,0,1
1,261,1,311,0.0337816,0.00382114,0.00893112,0.999382,-0.0395695,-3.06851,-0.313869,10000,100,0,1
1,262,1,312,0.0321953,-0.00413191,0.0109019,0.999414,0.0564086,-3.06752,0.0406841,10000,100,0,1
1,263,1,313,0.0223433,0.00532722,-0.00830689,0.999702,-0.0523111,-3.21446,0.161864,10000,100,0,1
1,264,1,314,0.0424365,-0.00199913,0.00435002,0.999088,0.0710168,-3.02492,-0.010862,10000,100,0,1
1,265,1,315,0.0305119,-0.000612105,-0.0270058,0.999169,0.0274515,-2.82089,-0.197057,10000,100,0,1
1,266,1,316,0.0338408,-0.00592841,0.00117173,0.999409,-0.0747144,-3.01466,-0.0141552,10000,100,0,1
1,267,1,317,0.028335,0.002935,-0.00743323,0.999567,-0.167955,-2.95638,-0.0868385,10000,100,0,1
1,268,1,318,0.0225076,0.00395222,0.0475275,0.998608,0.216837,-2.77782,-0.00104291,10000,100,0,1
1,269,1,319,0.0323792,0.00924174,0.0525524,0.99805,-0.0817631,-3.05623,-0.0165462,10000,100,0,1
1,270,1,320,0.0339183,0.00312238,0.00215683,0.999417,-0.0594606,-3.01292,-0.0726309,10000,100,0,1
1,271,1,321,0.0316495,0.00356221,0.00120491,0.999492,0.0547593,-3.00883,-0.00264238,10000,100,0,1
1,272,1,322,0.0320924,0.00399849,0.00725494,0.999451,0.169894,-3.15755,-0.271426,10000,100,0,1
1,273,1,323,0.0295352,-0.00338703,-0.0270519,0.999192,-0.0341699,-2.95514,0.0818555,10000,100,0,1
1,274,1,324,0.0290097,0.00960686,0.0229054,0.99927,0.120443,-3.11704,-0.0224861,10000,100,0,1
1,275,1,325,0.0377648,-0.0016449,0.00442069,0.999276,-0.000459441,-3.19053,0.0264692,10000,100,0,1
1,276,1,326,0.026469,0.00777671,0.0040588,0.999611,0.039589,-3.11227,-0.1894,10000,100,0,1
1,277,1,327,0.0337612,-0.00625872,0.0439205,0.998445,0.108719,-3.0155,-0.154969,10000,100,0,1
1,278,1,328,0.0292287,-0.0109962,0.0159728,0.999385,0.08269,-3.0464,-0.0044232,10000,100,0,1
1,279,1,329,0.0338444,0.0119471,0.0108874,0.999296,0.0893296,-3.03656,-0.104166,10000,100,0,1
1,280,1,330,0.0293777,-0.00137867,0.0015237,0.999566,-0.128343,-2.88215,-0.0714147,10000,100,0,1
1,281,1,331,0.0243171,-0.00572742,-0.00879094,0.999649,-0.0714586,-3.04641,-0.0191768,10000,100,0,1
1,282,1,332,0.0259119,0.00354584,0.0412243,0.998808,0.0764801,-3.00032,0.120822,10000,100,0,1
1,283,1,333,0.0383861,-0.00132924,-0.0148539,0.999152,0.0855575,-2.98796,-0.213588,10000,100,0,1
1,284,1,334,0.0307681,-0.00523998,-0.0186569,0.999339,0.221665,-3.04702,-0.297344,10000,100,0,1
1,285,1,335,0.0317123,-0.000880269,0.00544747,0.999482,0.0742049,-2.93847,-0.161161,10000,100,0,1
1,286,1,336,0.0334028,-0.00172047,-0.000548385,0.99944,-0.151716,-3.13695,-0.203101,10000,100,0,1
1,287,1,337,0.0412407,0.00149177,0.0176994,0.998991,-0.0894004,-2.88441,-0.136029,10000,100,0,1
1,288,1,338,0.0289567,-0.00708795,0.00750925,0.999527,0.0210524,-3.00989,-0.154816,10000,100,0,1
1,289,1,339,0.0231378,-0.00734234,-0.0389208,0.998947,-0.0140701,-3.2293,0.139781,10000,100,0,1
1,290,1,340,0.0369989,0.00905571,-0.00267269,0.999271,-0.0565142,-3.02495,-0.025964,10000,100,0,1
1,291,1,341,0.0318319,0.0044379,0.00458071,0.999473,0.0164769,-3.13911,-0.106503,10000,100,0,1
1,292,1,342,0.0320444,-0.00019668,-0.0251874,0.999169,0.0203868,-3.29879,-0.159645,10000,100,0,1
1,293,1,343,0.0387509,0.00488159,0.016273,0.999104,0.0103455,-2.78627,-0.0255142,10000,100,0,1
1,294,1,344,0.0284084,0.00151083,-0.00387678,0.999588,-0.0729561,-3.07995,-0.105971,10000,100,0,1
1,295,1,345,0.0353633,0.000270339,-0.00986227,0.999326,0.0618721,-3.06492,0.0399359,10000,100,0,1
1,296,1,346,0.0310833,-0.0018838,0.0401377,0.998709,-0.0485375,-2.99825,-0.180241,10000,100,0,1
1,297,1,347,0.0237917,-0.00394617,0.0628379,0.997732,-0.124664,-3.00604,-0.0641998,10000,100,0,1
1,298,1,348,0.0385091,0.00277072,0.01424,0.999153,0.0205685,-2.96612,0.0694419,10000,100,0,1
1,299,1,349,0.029998,-0.00257637,-0.00625508,0.999527,0.0676333,-3.01993,-0.238978,10000,100,0,1
1,300,1,350,0.0326217,0.00426101,-0.0254399,0.999135,0.0754936,-3.06356,-0.116271,10000,100,0,1
1,301,1,351,0.0321692,-0.00189453,0.00638387,0.99946,0.052372,-3.12787,-0.0102487,10000,100,0,1
1,302,1,352,0.0340569,0.0062178,-0.00651356,0.999379,0.0471629,-3.07179,0.25904,10000,100,0,1
1,303,1,353,0.0335226,0.00571624,0.00919529,0.999379,-0.0385874,-3.096,-0.1376,10000,100,0,1
1,304,1,354,0.0327473,-0.00599666,-0.00760938,0.999417,-0.0372246,-3.02773,-0.294749,10000,100,0,1
1,305,1,355,0.0328846,-0.0022123,-0.027122,0.999089,0.152984,-3.14281,0.0157709,10000,100,0,1
1,306,1,356,0.0250731,-0.00135622,-0.0203501,0.999478,-0.0951268,-3.23544,-0.042613,10000,100,0,1
1,307,1,357,0.0212932,0.0042697,0.0200005,0.999564,0.0551192,-3.09255,-0.114165,10000,100,0,1
1,308,1,358,0.0331635,0.00535477,0.0102553,0.999383,0.00516526,-3.17746,-0.10912,10000,100,0,1
1,309,1,359,0.0234536,-0.00271402,0.0269556,0.999358,-0.0471174,-3.05994,-0.0632384,10000,100,0,1
1,310,1,360,0.023437,0.0105072,0.00308688,0.999665,0.0273089,-3.13088,-0.0920744,10000,100,0,1
1,311,1,361,0.0338221,0.00122707,-0.0243538,0.99913,0.251966,-3.12255,-0.0955193,10000,100,0,1
1,312,1,362,0.0338218,0.00546911,0.0300741,0.99896,0.0608597,-3.08813,-0.138249,10000,100,0,1
1,313,1,363,0.0312429,-0.00727471,0.0179074,0.999325,-0.109336,-3.20256,-0.0661604,10000,100,0,1
1,314,1,364,0.0337159,0.00433669,0.0210451,0.9992,0.0767307,-2.82207,0.0408218,10000,100,0,1
1,315,1,365,0.0302072,-0.000638287,0.0206967,0.999329,0.174826,-3.06884,-0.244626,10000,100,0,1
1,316,1,366,0.0220158,0.00106531,-0.0119617,0.999685,-0.00499317,-2.98111,-0.153201,10000,100,0,1
1,317,1,367,0.0325073,-0.00535781,0.0109822,0.999397,0.00560511,-3.01963,-0.252672,10000,100,0,1
1,318,1,368,0.0322616,0.00163404,-0.0164612,0.999343,-0.297951,-3.0727,0.0959597,10000,100,0,1
1,319,1,369,0.0271202,0.000120917,-0.0202081,0.999428,-0.0823634,-3.12234,-0.127509,10000,100,0,1
1,320,1,370,0.0323363,0.00648082,0.0112963,0.999392,-0.0146496,-2.90021,-0.12713,10000,100,0,1
1,321,1,371,0.0307433,-0.007973,0.00817631,0.999462,-0.102696,-3.03492,0.0019022,10000,100,0,1
1,322,1,372,0.0331626,-0.00361252,-0.0342827,0.998855,-0.0623595,-3.14125,-0.152182,10000,100,0,1
1,323,1,373,0.0269471,-0.00543587,-0.00390655,0.999614,0.206902,-2.83793,-0.265399,10000,100,0,1
1,324,1,374,0.0354909,0.00380419,0.000486738,0.999363,0.00242097,-2.98718,0.0651186,10000,100,0,1
1,325,1,375,0.0328414,-0.000589365,-0.0321247,0.998944,-0.140471,-3.19624,-0.290119,10000,100,0,1
1,326,1,376,0.0272202,-0.0108234,-0.071068,0.997041,0.0134897,-2.98252,-0.123038,10000,100,0,1
1,327,1,377,0.0322873,0.0104366,0.0101336,0.999373,-0.0057657,-2.98519,-0.0225819,10000,100,0,1
1,328,1,378,0.0332473,-0.00595122,-0.0216117,0.999196,-0.00118392,-3.043,-0.0397329,10000,100,0,1
1,329,1,379,0.0244652,0.00476034,-0.00463195,0.999679,-0.0541385,-3.04666,-0.135317,10000,100,0,1
1,330,1,380,0.0242851,0.00622108,0.0244321,0.999387,-0.0395402,-3.13943,-0.0582472,10000,100,0,1
1,331,1,381,0.0326,-0.000118549,0.00180367,0.999467,-0.162072,-3.05012,-0.105102,10000,100,0,1
1,332,1,382,0.0393243,9.01597e-06,0.0297996,0.998782,-0.0389838,-3.2889,-0.060577,10000,100,0,1
1,333,1,383,0.0284384,0.00370099,-0.00923105,0.999546,-0.02885,-3.05762,-0.0613176,10000,100,0,1
1,334,1,384,0.026849,0.00328734,0.00377288,0.999627,-0.0767035,-2.91371,-0.0139103,10000,100,0,1
1,335,1,385,0.0322267,0.00160606,0.0304885,0.999014,0.145044,-3.18457,-0.0862953,10000,100,0,1
1,336,1,386,0.0317165,0.00195187,-0.0133579,0.999406,0.0105162,-2.94827,-0.0144536,10000,100,0,1
1,337,1,387,0.0273267,-0.000470372,-0.0203753,0.999419,-0.0145459,-2.98616,-0.070004,10000,100,0,1
1,338,1,388,0.0287533,0.00442132,0.022828,0.999316,0.120328,-3.01565,-0.175568,10000,100,0,1
1,339,1,389,0.0361366,-0.00915856,0.0164869,0.999169,-0.00527073,-2.89964,-0.166186,10000,100,0,1
1,340,1,390,0.0266564,0.00396021,0.0233886,0.999363,-0.0661851,-3.09684,-0.143534,10000,100,0,1
1,341,1,391,0.02338,-0.00176912,-0.0150972,0.999611,0.0175324,-3.23279,-0.175266,10000,100,0,1
1,342,1,392,0.0289682,-0.000652327,0.0346077,0.998981,-0.0641623,-3.1783,0.0883321,10000,100,0,1
1,343,1,393,0.03108,0.000726113,-0.00109436,0.999516,-0.0394914,-3.00401,-0.104158,10000,100,0,1
1,344,1,394,0.0368946,0.00450589,0.00924721,0.999266,0.0570183,-3.00372,-0.274852,10000,100,0,1
1,345,1,395,0.0319006,-0.00124386,-0.00871873,0.999452,-0.0380615,-3.10552,-0.140992,10000,100,0,1
1,346,1,396,0.0322144,0.000698349,-0.000291445,0.999481,-0.0796676,-2.87112,-0.0243779,10000,100,0,1
1,347,1,397,0.0270885,-0.00502777,-0.000361701,0.99962,-0.0672669,-2.86321,0.117066,10000,100,0,1
1,348,1,398,0.0315978,-0.00263487,0.00460031,0.999487,0.106736,-3.17697,-0.00982482,10000,100,0,1
1,349,1,399,0.0301254,-0.00430687,0.0144589,0.999432,-0.123366,-3.07337,-0.0261452,10000,100,0,1
1,350,1,400,0.0393571,-0.000587274,0.00149876,0.999224,0.0514619,-3.01406,-0.00618753,10000,100,0,1
1,351,1,401,0.0444215,0.00599096,0.0126395,0.998915,0.129484,-2.98772,-0.107677,10000,100,0,1
1,352,1,402,0.0269073,-0.0019112,-0.0152649,0.99952,0.186296,-3.01508,-0.0508652,10000,100,0,1
1,353,1,403,0.0313569,-0.00767594,-0.00145671,0.999478,-0.0617121,-2.92871,-0.187727,10000,100,0,1
1,354,1,404,0.0296248,-0.00349899,0.0190861,0.999373,0.0657111,-2.91251,-0.153895,10000,100,0,1
1,355,1,405,0.0321222,-0.00233426,-0.0122762,0.999406,0.0576527,-2.9949,-0.0201603,10000,100,0,1
1,356,1,406,0.0392638,0.000653508,-0.0204406,0.99902,-0.072813,-3.03136,-0.135348,10000,100,0,1
1,357,1,407,0.0308644,0.00288351,-0.0199486,0.99932,-0.0950345,-3.13145,-0.114097,10000,100,0,1
1,358,1,408,0.0277907,0.00557625,-0.0420361,0.998714,-0.0824084,-2.95155,-0.0565634,10000,100,0,1
1,359,1,409,0.0313399,0.00856752,0.00103406,0.999472,0.135732,-3.14951,-0.13595,10000,100,0,1
1,360,1,410,0.0342532,0.00793979,0.00795207,0.99935,0.0645128,-3.09717,-0.0901706,10000,100,0,1
1,361,1,411,0.0281818,0.00286265,0.00315536,0.999594,0.133169,-3.11375,-0.179508,10000,100,0,1
1,362,1,412,0.034787,-0.00218099,0.0131386,0.999306,0.208141,-3.06997,-0.275004,10000,100,0,1
1,363,1,413,0.0379468,0.000733697,0.00189402,0.999278,0.0228452,-3.08999,-0.161828,10000,100,0,1
1,364,1,414,0.0266844,0.00662859,-0.0102718,0.999569,-0.173054,-3.13543,-0.116261,10000,100,0,1
1,365,1,415,0.0378582,-0.00820531,-0.0299487,0.998801,-0.0217807,-2.9891,-0.128035,10000,100,0,1
1,366,1,416,0.0335014,0.00670704,-0.0305344,0.99895,-0.1345,-3.07454,-0.15849,10000,100,0,1
1,367,1,417,0.024711,-0.00182775,0.00078036,0.999693,0.022569,-3.07268,-0.0394752,10000,100,0,1
1,368,1,418,0.0242279,-0.00521935,0.00473242,0.999682,0.113911,-2.98425,-0.047503,10000,100,0,1
1,369,1,419,0.0292175,0.0065044,-0.0362629,0.998894,0.0935929,-2.8295,-0.189479,10000,100,0,1
1,370,1,420,0.0340662,0.000598057,-0.0229618,0.999156,-0.143523,-2.85812,-0.120242,10000,100,0,1
1,371,1,421,0.027711,-0.00583928,0.00520002,0.999585,-0.164815,-3.13075,-0.130331,10000,100,0,1
1,372,1,422,0.0306513,-0.00249478,0.0172283,0.999379,0.152668,-3.13297,0.0524221,10000,100,0,1
1,373,1,423,0.0300335,0.00429492,-0.0110359,0.999479,0.110593,-3.24041,-0.187065,10000,100,0,1
1,374,1,424,0.032276,-0.00650756,-0.00393952,0.99945,-0.179357,-2.99108,-0.120697,10000,100,0,1
1,375,1,425,0.0327143,0.00577097,0.0304375,0.998984,0.0464449,-3.18683,-0.168479,10000,100,0,1
1,376,1,426,0.034349,-0.0027374,0.0334889,0.998845,-0.00381915,-3.10149,-0.0986604,10000,100,0,1
1,377,1,427,0.0371672,-0.00047375,0.0236306,0.99903,0.041688,-3.21411,-0.132363,10000,100,0,1
1,378,1,428,0.0360886,0.00563587,0.00510817,0.99932,-0.00643717,-2.87597,-0.0149175,10000,100,0,1
1,379,1,429,0.0272641,-0.000645725,-0.03006,0.999176,0.0588748,-3.09383,-0.188432,10000,100,0,1
1,380,1,430,0.0367369,0.00314835,0.0165843,0.999182,-0.0138014,-3.06391,-0.170621,10000,100,0,1
1,381,1,431,0.0264488,-0.00177625,-0.0220524,0.999405,0.108728,-3.12562,0.0733991,10000,100,0,1
1,382,1,432,0.0216186,0.00573235,0.0078662,0.999719,0.0719464,-3.01479,-0.220671,10000,100,0,1
1,383,1,433,0.0273254,0.000709793,0.0302867,0.999167,0.0731653,-3.12337,0.036976,10000,100,0,1
1,384,1,434,0.0254542,-8.23831e-05,-0.0336583,0.999109,-0.0267161,-3.05159,-0.0843282,10000,100,0,1
1,385,1,435,0.0322747,0.00336182,0.0182376,0.999307,0.23322,-3.1108,0.0916384,10000,100,0,1
1,386,1,436,0.0322669,-0.00706316,0.00292824,0.99945,-0.156601,-2.97509,-0.0986761,10000,100,0,1
1,387,1,437,0.0354271,0.011394,0.00609988,0.999289,-0.0366022,-3.10577,-0.153094,10000,100,0,1
1,388,1,438,0.0307432,-0.0010417,0.00245564,0.999524,-0.10024,-2.92706,-0.289488,10000,100,0,1
1,389,1,439,0.0372563,0.00348321,-0.0218552,0.999061,0.0663865,-3.01716,0.0277817,10000,100,0,1
1,390,1,440,0.0332146,0.00214874,-0.000480497,0.999446,0.0893573,-3.07206,0.0981277,10000,100,0,1
1,391,1,441,0.0214997,0.00479764,-0.0242718,0.999463,0.0978213,-3.04167,-0.0766208,10000,100,0,1
1,392,1,442,0.0365868,0.00158792,-0.00807578,0.999297,-0.00161554,-3.09857,-0.00185938,10000,100,0,1
1,393,1,443,0.0333036,0.00628206,0.03857,0.998681,0.0209751,-3.16323,-0.134262,10000,100,0,1
1,394,1,444,0.0246316,-0.00422387,-0.000562671,0.999688,0.182204,-3.07618,-0.139507,10000,100,0,1
1,395,1,445,0.0338557,-0.0106473,0.012636,0.99929,-0.0416307,-3.08688,-0.245167,10000,100,0,1
1,396,1,446,0.0278022,-0.00022936,-0.0334174,0.999055,0.147749,-3.25451,-0.220992,10000,100,0,1
1,397,1,447,0.0317433,0.000862754,0.00814662,0.999462,0.0477481,-2.97821,-0.220782,10000,100,0,1
1,398,1,448,0.0236406,-0.00189155,-0.0456483,0.998676,0.0862325,-3.07872,-0.242241,10000,100,0,1
1,399,1,449,0.0253902,-0.00463989,-0.0264423,0.999317,-0.0340798,-3.01524,-0.31136,10000,100,0,1
1,400,1,450,0.0203839,-0.00295985,-0.0147961,0.999678,0.0314062,-3.20278,0.0229703,10000,100,0,1
1,401,1,451,0.0303613,0.0039318,0.0260968,0.999191,0.130807,-3.07881,-0.156298,10000,100,0,1
1,402,1,452,0.0322372,-0.00378999,-0.00480112,0.999462,0.123132,-3.00814,-0.11484,10000,100,0,1
1,403,1,453,0.028468,0.00222758,0.00610563,0.999574,-0.018327,-2.932,-0.00186501,10000,100,0,1
1,404,1,454,0.0379207,0.00716163,0.00952462,0.99921,-0.049517,-2.96606,-0.111201,10000,100,0,1
1,405,1,455,0.0318684,0.00425379,-0.0220615,0.99924,0.229266,-3.11498,-0.223046,10000,100,0,1
1,406,1,456,0.0393134,-0.00608741,-0.0246551,0.998904,0.0738805,-2.97624,0.0149636,10000,100,0,1
1,407,1,457,0.0311691,0.00220408,-0.0132422,0.999424,0.0781099,-2.94845,0.041319,10000,100,0,1
1,408,1,458,0.0397807,-0.00890327,0.0035329,0.999163,0.169471,-3.10141,-0.0932237,10000,100,0,1
1,409,1,459,0.0284762,-0.00690107,0.00960136,0.999525,-0.149071,-3.00445,-0.0775245,10000,100,0,1
1,410,1,460,0.0275268,0.0029337,-0.00313887,0.999612,-0.132917,-2.78686,-0.105742,10000,100,0,1
1,411,1,461,0.0365154,-0.00016744,0.00312814,0.999328,0.0432995,-3.121,0.00564701,10000,100,0,1
1,412,1,462,0.0411843,0.00151312,-0.00757113,0.999122,0.0811981,-3.1013,-0.105646,10000,100,0,1
1,413,1,463,0.0284869,0.00146927,-0.00196234,0.999591,-0.232083,-3.11313,-0.10773,10000,100,0,1
1,414,1,464,0.0264529,0.00340694,-0.0155564,0.999523,0.030681,-2.99322,-0.0111456,10000,100,0,1
1,415,1,465,0.0289629,0.000245377,-0.00490377,0.999568,0.0777047,-3.13883,-0.0212222,10000,100,0,1
1,416,1,466,0.0295592,0.00170979,0.0204621,0.999352,0.0671234,-3.21668,-0.0925357,10000,100,0,1
1,417,1,467,0.0286463,-0.000785089,0.0429519,0.998666,0.055155,-3.1811,-0.0594103,10000,100,0,1
1,418,1,468,0.0290421,-0.00111284,-0.0220087,0.999335,-0.0307255,-3.15193,0.0216286,10000,100,0,1
1,419,1,469,0.0232676,0.000138655,-0.0154771,0.999609,0.0815884,-3.23011,-0.0179284,10000,100,0,1
1,420,1,470,0.0272139,0.00678295,0.01564,0.999484,0.0373945,-3.02067,-0.0581669,10000,100,0,1
1,421,1,471,0.0332384,0.00184988,-0.00988042,0.999397,0.0661091,-3.17381,-0.16367,10000,100,0,1
1,422,1,472,0.0311216,0.0104625,0.00762323,0.999432,-0.160708,-3.05045,-0.243504,10000,100,0,1
1,423,1,473,0.0301253,-0.00263269,0.01817,0.999378,-0.117801,-3.11897,-0.245365,10000,100,0,1
1,424,1,474,0.0297319,0.00456473,-0.0153214,0.99943,-0.0462526,-2.9713,-0.15525,10000,100,0,1
1,425,1,475,0.0280697,-0.00405644,0.0109397,0.999538,0.0561672,-2.96208,-0.297658,10000,100,0,1
1,426,1,476,0.0435305,0.0057698,-0.00604701,0.999017,0.226172,-2.94283,-0.184377,10000,100,0,1
1,427,1,477,0.0257626,0.00184256,0.0182763,0.999499,-0.045037,-3.02154,-0.106196,10000,100,0,1
1,428,1,478,0.0288517,-0.00626304,0.000922813,0.999564,-0.0921606,-3.01449,-0.144193,10000,100,0,1
1,429,1,479,0.02787,0.00130967,-0.00306009,0.999606,-0.0591735,-3.19667,-0.0879218,10000,100,0,1
1,430,1,480,0.0262119,0.00244465,-0.0103105,0.9996,-0.00201238,-3.11049,0.0113263,10000,100,0,1
1,431,1,481,0.0286611,-0.000216941,0.00731696,0.999562,-0.24441,-3.02352,-0.181153,10000,100,0,1
1,432,1,482,0.0328654,-0.000276999,-0.0216878,0.999224,0.033071,-3.04145,0.0382333,10000,100,0,1
1,433,1,483,0.0311232,-0.00213829,0.0383977,0.998775,0.0436633,-3.1605,-0.195206,10000,100,0,1
1,434,1,484,0.0335768,-0.000885473,0.00153953,0.999435,-0.0459296,-2.85428,-0.186596,10000,100,0,1
1,435,1,485,0.0342324,0.0015652,0.0241032,0.999122,0.0203099,-2.95208,-0.0260574,10000,100,0,1
1,436,1,486,0.0349099,0.00146576,0.0100207,0.999339,-0.182141,-3.10238,-0.238111,10000,100,0,1
1,437,1,487,0.0293138,-0.00604185,0.00101859,0.999551,0.0267933,-3.04949,-0.129168,10000,100,0,1
1,438,1,488,0.0355676,0.00754207,-0.0393047,0.998566,-0.0819009,-3.0526,-0.118019,10000,100,0,1
1,439,1,489,0.0343825,0.00439356,-0.0108157,0.999341,-0.0570242,-2.99449,0.0191212,10000,100,0,1
1,440,1,490,0.0342515,-0.00436041,0.00279562,0.9994,0.0616481,-3.06456,0.0486347,10000,100,0,1
1,441,1,491,0.0353706,0.00757404,0.00368817,0.999339,-0.0672321,-2.93812,-0.0297879,10000,100,0,1
1,442,1,492,0.0333622,-0.000483059,0.00376873,0.999436,-0.0582761,-3.13893,-0.247103,10000,100,0,1
1,443,1,493,0.0272364,-0.00140754,0.023291,0.999357,-0.0755444,-2.81495,-0.187806,10000,100,0,1
1,444,1,494,0.033482,0.00439534,0.0280254,0.999037,0.153973,-3.269,-0.0465982,10000,100,0,1
1,445,1,495,0.0349066,-0.00308053,-7.50981e-05,0.999386,-0.05785,-3,-0.11265,10000,100,0,1
1,446,1,496,0.0349673,-0.00816916,-0.0267769,0.998996,-0.101075,-3.34018,-0.00949362,10000,100,0,1
1,447,1,497,0.0267115,-0.00470592,0.0350763,0.999017,0.116916,-3.00919,-0.132406,10000,100,0,1
1,448,1,498,0.0272941,0.00378298,0.0112066,0.999557,-0.0515803,-2.84711,-0.0145609,10000,100,0,1
1,449,1,499,0.0301067,-0.00085333,-0.00427382,0.999537,0.0227854,-3.11563,-0.0776197,10000,100,0,1
0,499,1,0,0.00523283,0.0411067,0.0416222,0.998274,3.83306,0.0759601,-0.253652,10000,100,0,1
1,499,2,0,0.00336567,0.0634427,0.00945119,0.997935,6.02616,0.16531,-0.61513,10000,100,0,1
0,450,1,0,0.033569,0.0100718,0.0259191,0.999049,0.0434672,-2.90754,-0.0126111,10000,100,0,1
0,451,1,1,0.0316898,0.00602538,-0.00967881,0.999433,-0.0013868,-3.14524,-0.00917391,10000,100,0,1
0,452,1,2,0.0220932,0.00464891,0.00731103,0.999718,-0.275645,-3.12191,-0.0770046,10000,100,0,1
0,453,1,3,0.0334962,-0.000955901,-0.0138676,0.999342,0.0725374,-3.00983,0.0475128,10000,100,0,1
0,454,1,4,0.0309105,-0.00682284,-0.021681,0.999264,0.123422,-3.18604,-0.0824937,10000,100,0,1
0,455,1,5,0.0364574,0.000512303,-0.0125861,0.999256,0.11624,-3.08774,-0.0372738,10000,100,0,1
0,456,1,6,0.0307638,0.00164767,-0.0161793,0.999394,0.0899581,-3.09202,-0.191797,10000,100,0,1
0,457,1,7,0.0323118,-0.00331562,-0.0291452,0.999047,-0.0583982,-2.92281,-0.123895,10000,100,0,1
0,458,1,8,0.0278733,-0.00791093,-0.0121752,0.999506,-0.0224024,-3.01623,-0.00626124,10000,100,0,1
0,459,1,9,0.0318592,0.00207744,0.0147256,0.999382,0.00568359,-3.23055,-0.0902167,10000,100,0,1
0,460,1,10,0.0296923,0.00351844,0.00839599,0.999518,0.0356975,-3.09423,-0.138503,10000,100,0,1
0,461,1,11,0.0242937,-0.00480065,0.00174513,0.999692,0.00870035,-3.16357,-0.135112,10000,100,0,1
0,462,1,12,0.0384987,-0.000356724,6.66203e-06,0.999259,0.122157,-3.09977,0.0239496,10000,100,0,1
0,463,1,13,0.0223116,0.00646805,0.0227025,0.999472,-0.113572,-3.0456,-0.172146,10000,100,0,1
0,464,1,14,0.0221766,0.0109851,0.0315824,0.999195,0.0424182,-3.164,-0.146429,10000,100,0,1
0,465,1,15,0.0298382,-0.00569617,0.0489997,0.998337,0.0409562,-3.13976,-0.0892642,10000,100,0,1
0,466,1,16,0.036733,0.00168845,0.0134687,0.999233,-0.164743,-3.22428,-0.0865446,10000,100,0,1
0,467,1,17,0.0358405,0.00525735,-0.000206523,0.999344,0.054379,-3.11355,-0.19167,10000,100,0,1
0,468,1,18,0.0329531,0.00201504,0.0038152,0.999448,-0.106701,-3.09214,-0.220984,10000,100,0,1
0,469,1,19,0.0309278,0.00307396,0.0274034,0.999141,0.107002,-2.95947,-0.139402,10000,100,0,1
0,470,1,20,0.0272416,0.00640274,0.0058434,0.999591,-0.108656,-3.03903,0.083943,10000,100,0,1
0,471,1,21,0.0305341,-0.00627402,0.0313423,0.999023,-0.0784969,-2.83155,-0.0241067,10000,100,0,1
0,472,1,22,0.0344158,-0.00754398,0.0193457,0.999192,0.0114856,-3.00226,-0.0845597,10000,100,0,1
0,473,1,23,0.0291833,-0.00525085,-0.0207884,0.999344,-0.0513233,-2.92298,-0.0297458,10000,100,0,1
0,474,1,24,0.0395075,0.0105515,-0.00251968,0.99916,0.0427063,-2.96872,-0.100256,10000,100,0,1
0,475,1,25,0.0245902,-0.00502339,0.00922777,0.999642,-0.0549014,-3.09318,-0.0342945,10000,100,0,1
0,476,1,26,0.0343994,0.002911,0.00913794,0.999362,0.0680504,-2.99512,-0.101228,10000,100,0,1
0,477,1,27,0.0351057,0.00232462,-0.0237457,0.999099,-0.122992,-3.14268,-0.311588,10000,100,0,1
0,478,1,28,0.0364818,-0.00158562,-0.0238095,0.999049,-0.0623314,-2.95136,0.167926,10000,100,0,1
0,479,1,29,0.0277883,0.00237572,0.00897316,0.999571,-0.110363,-3.09787,0.00308389,10000,100,0,1
0,480,1,30,0.0405425,-0.00445619,-0.0169199,0.999025,-0.171417,-3.10396,-0.143155,10000,100,0,1
0,481,1,31,0.0222223,0.00184214,-0.00451163,0.999741,0.00744409,-3.19463,0.116307,10000,100,0,1
0,482,1,32,0.0278103,-0.00070463,-0.00643495,0.999592,0.0172885,-3.07817,-0.0402404,10000,100,0,1
0,483,1,33,0.0332162,0.00543974,-0.0157115,0.99931,0.0944517,-3.24257,-0.130989,10000,100,0,1
0,484,1,34,0.0282429,0.00388678,-0.0240454,0.999304,0.140157,-3.06507,-0.0512154,10000,100,0,1
0,485,1,35,0.0376187,0.00326394,-0.0229047,0.999024,0.0622585,-3.03014,-0.0791398,10000,100,0,1
0,486,1,36,0.0321557,-0.0018084,-0.0294559,0.999047,0.0850827,-3.07701,-0.109627,10000,100,0,1
0,487,1,37,0.0309593,-0.00286266,-0.0138803,0.99942,-0.174879,-3.11156,-0.0305111,10000,100,0,1
0,488,1,38,0.0279617,0.0120654,0.0260081,0.999198,-0.0598301,-2.9678,-0.203583,10000,100,0,1
0,489,1,39,0.0263276,-0.00577669,-0.0169029,0.999494,-0.136908,-3.23325,-0.0968695,10000,100,0,1
0,490,1,40,0.0260594,-0.00633999,0.0241222,0.999349,0.0183003,-3.15107,-0.0892686,10000,100,0,1
0,491,1,41,0.0217468,-0.00873971,-0.00509592,0.999712,0.144867,-3.06526,-0.156464,10000,100,0,1
0,492,1,42,0.0320599,-0.00523101,0.0175288,0.999319,0.0404083,-2.82931,0.0840477,10000,100,0,1
0,493,1,43,0.0295884,0.0043358,-0.0222857,0.999304,-0.215644,-2.96754,-0.125685,10000,100,0,1
0,494,1,44,0.0330471,-0.00258866,0.043271,0.998513,0.257973,-3.25769,-0.0483693,10000,100,0,1
0,495,1,45,0.034273,-0.00161918,0.0301533,0.998956,0.158184,-2.9657,-0.109624,10000,100,0,1
0,496,1,46,0.0371213,0.000742593,0.00904769,0.99927,-0.0478889,-3.20087,-0.0707272,10000,100,0,1
0,497,1,47,0.0284714,0.000914953,-0.00306365,0.999589,-0.0394371,-3.09159,-0.175059,10000,100,0,1
0,498,1,48,0.0377655,-0.00452406,-0.00408934,0.999268,-0.00543063,-3.10341,-0.177335,10000,100,0,1
0,499,1,49,0.0296626,0.00523534,0.0225846,0.999291,0.158279,-2.95606,-0.0763056,10000,100,0,1
1,450,2,0,0.0348688,0.0068405,0.0194025,0.99918,-0.0304937,-3.03547,-0.11559,10000,100,0,1
1,451,2,1,0.0432742,0.000490774,-0.00275321,0.999059,0.0840092,-2.95577,-0.017715,10000,100,0,1
1,452,2,2,0.0299689,-0.00120682,-0.00211636,0.999548,0.083814,-3.03054,-0.0857193,10000,100,0,1
1,453,2,3,0.03951,0.00177503,0.0164026,0.999083,-0.0817822,-3.00663,-0.136828,10000,100,0,1
1,454,2,4,0.0427214,-0.0118818,0.0567721,0.997402,-0.133527,-3.11044,-0.21021,10000,100,0,1
1,455,2,5,0.0342356,-0.00783302,0.0248396,0.999074,0.163475,-3.11015,-0.0109611,10000,100,0,1
1,456,2,6,0.0351191,0.00754591,-0.0202135,0.99915,0.088096,-3.15635,-0.127318,10000,100,0,1
1,457,2,7,0.0214482,-0.00768098,-0.0193536,0.999553,-0.0151472,-2.95095,-0.151123,10000,100,0,1
1,458,2,8,0.0311196,-0.00106493,0.00275806,0.999511,-0.0279193,-3.03789,-0.0273645,10000,100,0,1
1,459,2,9,0.0277317,0.00341552,-0.00314279,0.999605,-0.275265,-2.85042,-0.0567159,10000,100,0,1
1,460,2,10,0.0360608,0.00603815,-0.0161681,0.999201,0.0303055,-3.00106,-0.0687602,10000,100,0,1
1,461,2,11,0.034656,-0.00533121,-0.0380196,0.998662,0.207652,-3.07523,-0.10412,10000,100,0,1
1,462,2,12,0.0262435,-0.00324138,0.00468457,0.999639,-0.0622008,-3.17816,-0.349235,10000,100,0,1
1,463,2,13,0.0409895,-0.000582833,-0.000586087,0.999159,-0.106456,-3.08668,-0.0620185,10000,100,0,1
1,464,2,14,0.0289426,0.00319455,0.0103986,0.999522,-0.164922,-3.05599,-0.0657857,10000,100,0,1
1,465,2,15,0.0225405,-0.00999892,0.0374453,0.998994,-0.031883,-3.03663,-0.245354,10000,100,0,1
1,466,2,16,0.0286029,0.00509781,0.00523895,0.999564,-0.141263,-3.00011,-0.0275538,10000,100,0,1
1,467,2,17,0.0321819,0.00160063,0.0223186,0.999232,-0.0167885,-2.90299,-0.0969139,10000,100,0,1
1,468,2,18,0.0223853,0.00407138,-0.0247975,0.999434,-0.0860026,-3.04599,-0.132652,10000,100,0,1
1,469,2,19,0.0233897,-0.000512958,0.0169421,0.999583,-0.0851597,-2.90807,-0.0658584,10000,100,0,1
1,470,2,20,0.0333269,-0.000346764,0.0011097,0.999444,-0.0396013,-3.08293,0.0506673,10000,100,0,1
1,471,2,21,0.0412528,0.00516626,-0.00231669,0.999133,0.250576,-3.15329,-0.01005,10000,100,0,1
1,472,2,22,0.0246855,-0.000494177,0.0187541,0.999519,-0.117976,-3.1559,-0.198695,10000,100,0,1
1,473,2,23,0.028055,0.00709999,0.0124656,0.999503,0.0333009,-3.00712,-0.133243,10000,100,0,1
1,474,2,24,0.0337763,0.000547476,0.0237491,0.999147,0.0674308,-3.17344,-0.247803,10000,100,0,1
1,475,2,25,0.0288342,0.00912072,0.0136466,0.999449,0.0496622,-3.02014,-0.0797395,10000,100,0,1
1,476,2,26,0.0338674,0.00210027,-0.0133142,0.999335,0.0947565,-3.11326,-0.0268186,10000,100,0,1
1,477,2,27,0.0292592,-0.000877627,-0.0184164,0.999402,0.00946112,-2.96368,-0.199493,10000,100,0,1
1,478,2,28,0.0267387,-0.00230695,-0.00740194,0.999612,-0.155117,-2.95919,-0.00336052,10000,100,0,1
1,479,2,29,0.0366573,0.00631054,0.013187,0.999221,0.0282176,-2.97821,-0.0547399,10000,100,0,1
1,480,2,30,0.0232633,-0.00270655,0.0424849,0.998823,0.0162313,-2.96715,-0.219687,10000,100,0,1
1,481,2,31,0.0239158,-0.00165379,-0.0343541,0.999122,-0.0333699,-3.10039,-0.0891244,10000,100,0,1
1,482,2,32,0.0334613,0.0128207,-0.006171,0.999339,0.0971304,-3.18518,-0.0758457,10000,100,0,1
1,483,2,33,0.0321654,-0.000367835,-0.0248929,0.999172,-0.00646451,-3.02791,-0.0224793,10000,100,0,1
1,484,2,34,0.0243353,0.00301918,0.0692641,0.997297,-0.0419264,-3.08604,-0.0624456,10000,100,0,1
1,485,2,35,0.0265583,0.00846838,0.00368883,0.999605,0.00219053,-3.01637,-0.369443,10000,100,0,1
1,486,2,36,0.0305619,-0.00205563,-0.0082635,0.999497,-0.0333529,-3.02544,-0.0404052,10000,100,0,1
1,487,2,37,0.0388706,0.00432951,-0.00280584,0.999231,-0.109172,-3.07893,-0.350339,10000,100,0,1
1,488,2,38,0.0245583,0.00226966,0.00153415,0.999695,0.067169,-3.02183,-0.227826,10000,100,0,1
1,489,2,39,0.0323066,-0.00174252,-0.0164357,0.999341,0.0719154,-3.09438,0.0893046,10000,100,0,1
1,490,2,40,0.0285082,0.00135172,-0.0236659,0.999312,-0.0840367,-3.13153,-0.168456,10000,100,0,1
1,491,2,41,0.0275687,-0.00470278,0.00498241,0.999596,-0.0433143,-3.24167,0.0373899,10000,100,0,1
1,492,2,42,0.0343972,0.00239356,0.0360589,0.998755,-0.032313,-3.10775,-0.0399503,10000,100,0,1
1,493,2,43,0.0363585,-0.000844756,0.0138256,0.999243,-0.0450076,-3.17491,-0.232357,10000,100,0,1
1,494,2,44,0.0330427,-0.00253732,0.00627191,0.999431,0.0924275,-3.24373,-0.0502466,10000,100,0,1
1,495,2,45,0.0313985,-0.00309593,0.00193258,0.9995,0.0513226,-3.13533,0.11357,10000,100,0,1
1,496,2,46,0.0259255,0.00643985,-0.00430536,0.999634,-0.12181,-3.10575,0.0530604,10000,100,0,1
1,497,2,47,0.0417175,0.00193219,0.00565476,0.999112,0.0468625,-2.92249,-0.190572,10000,100,0,1
1,498,2,48,0.0237083,-0.00677626,0.00117889,0.999695,0.158801,-3.07445,-0.0622193,10000,100,0,1
1,499,2,49,0.0253572,0.00628267,-0.000382963,0.999659,0.0872764,-3.03741,-0.0709993,10000,100,0,1
